,0,1,2,3,4,5,6,7,8,9,10,11,12,13,14,15,16,17,18,19,20,21,22,23,24,25,26,27,28,29,30,31,32,33,34,35,36,37,38,39,40,41,42,43,44,45,46,47,48,49,50,51,52,53,54,55,56,57,58,59,60,61,62,63,64,65,66,67,68,69,70,71,72,73,74,75,76,77,78,79,80,81
0,0.61,0.71,0.62,0.65,0.62,0.65,0.5,0.82,0.68,0.79,0.74,0.56,0.71,0.59,0.76,0.74,0.47,0.62,0.67,0.62,0.85,0.44,0.41,0.79,0.65,0.76,0.76,0.59,0.71,0.76,0.73,0.59,0.74,0.73,0.79,0.5,0.65,0.59,0.71,0.68,0.29,0.76,0.76,0.68,0.68,0.79,0.68,0.47,0.53,0.59,0.79,0.53,0.5,0.5,0.65,0.68,0.05,0.29,0.59,0.47,0.65,0.56,0.59,0.65,0.44,0.62,0.68,0.76,0.53,0.74,0.76,0.71,0.61,0.62,0.76,0.76,0.71,0.76,0.74,0.79,0.59,0.44
1,0.73,0.71,0.62,0.76,0.62,0.65,0.5,0.7,0.56,0.62,0.62,0.44,0.59,0.65,0.65,0.62,0.53,0.62,0.73,0.68,0.67,0.5,0.53,0.73,0.71,0.59,0.64,0.65,0.59,0.59,0.61,0.47,0.62,0.55,0.67,0.62,0.59,0.47,0.71,0.56,0.35,0.59,0.65,0.62,0.56,0.73,0.68,0.53,0.65,0.59,0.73,0.47,0.5,0.68,0.65,0.68,0.05,0.41,0.53,0.47,0.76,0.68,0.65,0.59,0.5,0.62,0.68,0.82,0.47,0.74,0.64,0.59,0.79,0.62,0.76,0.76,0.53,0.71,0.68,0.73,0.47,0.56
2,0.82,0.68,0.59,0.62,0.65,0.74,0.47,0.79,0.59,0.65,0.65,0.53,0.68,0.62,0.74,0.71,0.5,0.65,0.76,0.76,0.76,0.47,0.44,0.76,0.74,0.68,0.79,0.56,0.74,0.68,0.7,0.56,0.59,0.7,0.76,0.59,0.56,0.56,0.74,0.65,0.32,0.62,0.62,0.76,0.71,0.82,0.76,0.5,0.62,0.62,0.82,0.5,0.47,0.65,0.74,0.71,0.05,0.38,0.56,0.38,0.62,0.59,0.62,0.74,0.47,0.59,0.71,0.79,0.44,0.71,0.67,0.68,0.7,0.59,0.79,0.79,0.62,0.74,0.76,0.82,0.5,0.53
3,0.65,0.71,0.62,0.71,0.68,0.71,0.44,0.74,0.56,0.62,0.56,0.38,0.53,0.59,0.65,0.56,0.53,0.68,0.65,0.62,0.71,0.44,0.53,0.65,0.65,0.53,0.62,0.65,0.59,0.59,0.59,0.41,0.62,0.53,0.71,0.5,0.59,0.41,0.77,0.56,0.3,0.59,0.59,0.56,0.5,0.71,0.62,0.47,0.59,0.53,0.71,0.41,0.44,0.56,0.65,0.56,0.05,0.35,0.47,0.47,0.77,0.62,0.65,0.59,0.5,0.56,0.56,0.74,0.47,0.68,0.68,0.53,0.71,0.5,0.74,0.74,0.47,0.65,0.62,0.71,0.41,0.5
4,0.32,0.32,0.35,0.32,0.24,0.27,0.25,0.41,0.23,0.41,0.35,0.19,0.38,0.27,0.32,0.24,0.22,0.24,0.26,0.35,0.44,0.19,0.22,0.5,0.27,0.38,0.41,0.32,0.38,0.32,0.26,0.16,0.41,0.38,0.38,0.23,0.32,0.22,0.32,0.29,0.22,0.44,0.38,0.24,0.35,0.38,0.3,0.28,0.27,0.38,0.38,0.22,0.37,0.3,0.21,0.18,0.05,0.22,0.16,0.28,0.32,0.3,0.38,0.32,0.19,0.35,0.24,0.35,0.34,0.3,0.47,0.27,0.44,0.18,0.35,0.35,0.38,0.27,0.35,0.44,0.16,0.25
5,0.56,0.62,0.65,0.62,0.59,0.56,0.53,0.77,0.47,0.59,0.59,0.47,0.5,0.5,0.68,0.59,0.56,0.59,0.56,0.59,0.74,0.47,0.44,0.62,0.62,0.5,0.59,0.56,0.62,0.62,0.56,0.5,0.59,0.5,0.74,0.41,0.56,0.5,0.56,0.59,0.26,0.56,0.56,0.53,0.41,0.74,0.59,0.56,0.56,0.44,0.74,0.5,0.47,0.47,0.56,0.53,0.05,0.32,0.44,0.5,0.62,0.53,0.56,0.62,0.41,0.59,0.53,0.65,0.5,0.59,0.65,0.56,0.62,0.41,0.71,0.71,0.44,0.56,0.59,0.68,0.44,0.53
6,0.53,0.47,0.5,0.47,0.44,0.47,0.38,0.62,0.32,0.44,0.44,0.32,0.41,0.35,0.53,0.44,0.41,0.44,0.41,0.5,0.59,0.32,0.35,0.65,0.47,0.41,0.5,0.41,0.53,0.47,0.41,0.35,0.44,0.41,0.59,0.32,0.41,0.35,0.47,0.44,0.29,0.47,0.41,0.44,0.44,0.59,0.5,0.41,0.41,0.41,0.59,0.35,0.44,0.44,0.41,0.38,0.05,0.35,0.29,0.35,0.47,0.38,0.53,0.53,0.26,0.44,0.38,0.5,0.41,0.44,0.56,0.41,0.53,0.26,0.56,0.56,0.35,0.41,0.5,0.65,0.29,0.38
7,0.53,0.59,0.44,0.53,0.5,0.47,0.38,0.68,0.56,0.62,0.5,0.56,0.59,0.59,0.59,0.62,0.41,0.5,0.65,0.62,0.65,0.44,0.35,0.65,0.59,0.53,0.62,0.53,0.59,0.65,0.65,0.53,0.56,0.53,0.65,0.44,0.47,0.47,0.53,0.5,0.17,0.47,0.53,0.62,0.44,0.71,0.56,0.47,0.53,0.41,0.71,0.41,0.32,0.44,0.59,0.62,0.05,0.23,0.59,0.41,0.53,0.56,0.41,0.47,0.5,0.5,0.68,0.74,0.35,0.62,0.56,0.65,0.65,0.62,0.68,0.68,0.53,0.71,0.62,0.59,0.53,0.5
8,0.76,0.85,0.65,0.79,0.71,0.68,0.53,0.79,0.71,0.71,0.65,0.47,0.74,0.74,0.74,0.71,0.5,0.71,0.82,0.76,0.76,0.59,0.5,0.64,0.74,0.68,0.79,0.62,0.74,0.68,0.7,0.5,0.71,0.7,0.82,0.59,0.74,0.5,0.74,0.65,0.21,0.79,0.68,0.76,0.59,0.76,0.82,0.5,0.68,0.5,0.76,0.56,0.41,0.53,0.68,0.76,0.05,0.26,0.56,0.56,0.79,0.71,0.56,0.74,0.59,0.65,0.71,0.85,0.62,0.82,0.85,0.68,0.82,0.71,0.85,0.85,0.68,0.74,0.76,0.7,0.56,0.53
9,0.8,0.76,0.71,0.88,0.67,0.76,0.53,0.77,0.65,0.67,0.61,0.47,0.64,0.64,0.7,0.61,0.56,0.67,0.74,0.73,0.74,0.59,0.62,0.68,0.7,0.64,0.71,0.64,0.7,0.64,0.62,0.5,0.67,0.62,0.74,0.65,0.68,0.5,0.76,0.65,0.38,0.7,0.64,0.67,0.65,0.74,0.79,0.56,0.64,0.56,0.74,0.5,0.53,0.61,0.64,0.67,0.05,0.44,0.56,0.62,0.82,0.67,0.64,0.76,0.53,0.61,0.67,0.83,0.62,0.79,0.83,0.58,0.86,0.61,0.83,0.83,0.58,0.7,0.73,0.74,0.5,0.59
10,0.8,0.82,0.71,0.82,0.73,0.76,0.59,0.83,0.71,0.73,0.67,0.59,0.76,0.76,0.76,0.73,0.56,0.73,0.8,0.85,0.8,0.71,0.62,0.74,0.76,0.64,0.77,0.64,0.82,0.76,0.68,0.56,0.73,0.68,0.86,0.71,0.74,0.56,0.7,0.71,0.32,0.76,0.64,0.79,0.59,0.8,0.85,0.62,0.76,0.62,0.8,0.62,0.53,0.61,0.7,0.79,0.05,0.38,0.56,0.68,0.76,0.73,0.64,0.82,0.65,0.73,0.79,0.83,0.62,0.79,0.89,0.76,0.86,0.73,0.89,0.89,0.7,0.7,0.73,0.74,0.56,0.65
11,0.65,0.71,0.56,0.59,0.62,0.59,0.44,0.79,0.68,0.62,0.56,0.5,0.65,0.59,0.71,0.74,0.41,0.62,0.71,0.68,0.76,0.44,0.35,0.71,0.65,0.59,0.74,0.47,0.71,0.71,0.71,0.53,0.56,0.65,0.82,0.44,0.59,0.47,0.59,0.62,0.12,0.65,0.53,0.8,0.56,0.76,0.74,0.41,0.59,0.41,0.76,0.47,0.32,0.44,0.65,0.74,0.05,0.18,0.53,0.41,0.59,0.56,0.47,0.65,0.44,0.56,0.68,0.74,0.47,0.68,0.74,0.71,0.65,0.62,0.79,0.79,0.59,0.71,0.68,0.71,0.53,0.44
12,0.7,0.85,0.71,0.79,0.76,0.74,0.53,0.91,0.77,0.82,0.71,0.59,0.74,0.74,0.85,0.76,0.56,0.76,0.82,0.76,0.88,0.59,0.5,0.76,0.79,0.74,0.79,0.68,0.79,0.79,0.76,0.62,0.76,0.7,0.88,0.59,0.74,0.62,0.79,0.77,0.26,0.74,0.74,0.76,0.65,0.88,0.82,0.56,0.68,0.56,0.88,0.56,0.47,0.59,0.79,0.76,0.05,0.32,0.68,0.56,0.79,0.71,0.62,0.74,0.59,0.65,0.76,0.91,0.56,0.88,0.79,0.74,0.76,0.71,0.91,0.91,0.68,0.85,0.82,0.82,0.62,0.59
13,0.5,0.56,0.47,0.56,0.41,0.38,0.37,0.53,0.47,0.41,0.35,0.25,0.44,0.44,0.44,0.41,0.34,0.41,0.56,0.47,0.5,0.37,0.34,0.38,0.44,0.38,0.53,0.38,0.44,0.38,0.44,0.28,0.41,0.44,0.56,0.35,0.5,0.28,0.44,0.41,0.05,0.5,0.38,0.47,0.35,0.5,0.53,0.34,0.44,0.26,0.5,0.34,0.25,0.3,0.38,0.47,0.05,0.1,0.34,0.4,0.56,0.47,0.32,0.44,0.37,0.41,0.41,0.59,0.46,0.53,0.59,0.38,0.62,0.41,0.59,0.59,0.38,0.44,0.47,0.44,0.34,0.37
14,0.62,0.62,0.53,0.56,0.59,0.56,0.47,0.77,0.53,0.59,0.59,0.53,0.56,0.56,0.68,0.65,0.5,0.59,0.68,0.65,0.74,0.47,0.38,0.62,0.68,0.56,0.65,0.5,0.62,0.62,0.62,0.56,0.53,0.56,0.74,0.47,0.5,0.56,0.56,0.59,0.2,0.5,0.56,0.65,0.41,0.8,0.65,0.5,0.56,0.44,0.8,0.5,0.35,0.47,0.68,0.65,0.05,0.26,0.56,0.38,0.56,0.53,0.44,0.56,0.47,0.53,0.65,0.77,0.38,0.65,0.59,0.62,0.62,0.53,0.77,0.77,0.5,0.68,0.65,0.68,0.5,0.53
15,0.68,0.56,0.41,0.56,0.47,0.5,0.35,0.59,0.41,0.53,0.47,0.41,0.56,0.56,0.5,0.47,0.38,0.47,0.62,0.65,0.56,0.47,0.44,0.56,0.56,0.5,0.59,0.5,0.56,0.5,0.5,0.38,0.53,0.5,0.56,0.53,0.44,0.38,0.56,0.41,0.2,0.5,0.5,0.53,0.41,0.62,0.59,0.44,0.5,0.44,0.62,0.38,0.35,0.47,0.5,0.53,0.05,0.26,0.44,0.38,0.56,0.53,0.44,0.5,0.47,0.47,0.59,0.71,0.38,0.59,0.59,0.5,0.74,0.53,0.65,0.65,0.5,0.56,0.59,0.56,0.38,0.47
16,0.56,0.5,0.47,0.44,0.59,0.5,0.47,0.71,0.41,0.59,0.59,0.47,0.56,0.44,0.62,0.59,0.5,0.59,0.56,0.53,0.74,0.35,0.38,0.56,0.62,0.56,0.65,0.5,0.56,0.56,0.56,0.5,0.53,0.56,0.68,0.35,0.44,0.56,0.5,0.53,0.26,0.5,0.56,0.53,0.35,0.74,0.53,0.44,0.5,0.5,0.74,0.5,0.35,0.41,0.62,0.53,0.05,0.32,0.44,0.32,0.5,0.41,0.44,0.5,0.41,0.53,0.53,0.65,0.38,0.53,0.59,0.56,0.5,0.41,0.65,0.65,0.5,0.56,0.59,0.68,0.44,0.41
17,0.68,0.8,0.59,0.74,0.65,0.62,0.47,0.76,0.65,0.65,0.59,0.41,0.62,0.68,0.68,0.65,0.44,0.65,0.79,0.65,0.74,0.53,0.44,0.62,0.68,0.56,0.71,0.56,0.62,0.62,0.68,0.44,0.65,0.62,0.79,0.53,0.68,0.44,0.68,0.59,0.15,0.68,0.62,0.65,0.47,0.74,0.71,0.44,0.62,0.44,0.74,0.5,0.35,0.47,0.62,0.71,0.05,0.21,0.5,0.5,0.74,0.65,0.5,0.62,0.53,0.59,0.65,0.82,0.5,0.77,0.76,0.62,0.74,0.65,0.82,0.82,0.56,0.68,0.65,0.68,0.5,0.47
18,0.73,0.76,0.68,0.76,0.68,0.76,0.5,0.82,0.62,0.74,0.68,0.5,0.71,0.65,0.76,0.68,0.53,0.68,0.73,0.74,0.79,0.5,0.41,0.67,0.71,0.71,0.82,0.65,0.76,0.71,0.73,0.53,0.74,0.73,0.79,0.5,0.71,0.53,0.76,0.68,0.24,0.76,0.71,0.68,0.68,0.79,0.74,0.53,0.59,0.53,0.79,0.53,0.44,0.5,0.65,0.62,0.05,0.29,0.53,0.59,0.71,0.62,0.59,0.88,0.5,0.62,0.62,0.76,0.59,0.74,0.88,0.65,0.73,0.56,0.76,0.76,0.65,0.71,0.79,0.73,0.53,0.5
19,0.71,0.65,0.62,0.59,0.62,0.65,0.56,0.79,0.5,0.68,0.74,0.5,0.65,0.59,0.71,0.68,0.53,0.62,0.71,0.68,0.82,0.44,0.35,0.65,0.71,0.65,0.79,0.59,0.65,0.65,0.71,0.53,0.68,0.71,0.76,0.5,0.59,0.59,0.65,0.62,0.3,0.65,0.71,0.62,0.5,0.82,0.62,0.53,0.59,0.59,0.82,0.59,0.44,0.5,0.65,0.62,0.05,0.3,0.47,0.41,0.59,0.56,0.53,0.71,0.44,0.68,0.62,0.74,0.47,0.62,0.74,0.65,0.65,0.5,0.74,0.74,0.59,0.65,0.68,0.71,0.47,0.5
20,0.89,0.73,0.62,0.67,0.64,0.73,0.5,0.74,0.62,0.64,0.7,0.5,0.67,0.73,0.67,0.64,0.53,0.64,0.83,0.76,0.71,0.5,0.47,0.77,0.73,0.73,0.8,0.61,0.67,0.61,0.77,0.53,0.64,0.77,0.71,0.68,0.65,0.53,0.79,0.62,0.41,0.67,0.73,0.7,0.74,0.77,0.7,0.53,0.61,0.65,0.77,0.53,0.5,0.7,0.67,0.64,0.05,0.47,0.59,0.47,0.67,0.64,0.61,0.73,0.56,0.58,0.64,0.8,0.53,0.7,0.74,0.61,0.83,0.64,0.74,0.74,0.67,0.73,0.76,0.77,0.53,0.56
21,0.59,0.53,0.56,0.53,0.62,0.59,0.44,0.68,0.38,0.5,0.5,0.38,0.41,0.41,0.59,0.5,0.53,0.62,0.47,0.5,0.65,0.38,0.53,0.59,0.59,0.41,0.5,0.53,0.53,0.53,0.47,0.41,0.5,0.41,0.65,0.38,0.47,0.41,0.59,0.5,0.29,0.47,0.47,0.44,0.38,0.65,0.5,0.47,0.53,0.47,0.65,0.41,0.44,0.5,0.53,0.44,0.05,0.41,0.35,0.41,0.59,0.44,0.59,0.53,0.38,0.5,0.44,0.56,0.41,0.5,0.56,0.47,0.53,0.32,0.62,0.62,0.35,0.47,0.5,0.71,0.35,0.44
22,0.5,0.56,0.47,0.5,0.47,0.5,0.41,0.71,0.53,0.53,0.47,0.47,0.56,0.44,0.62,0.65,0.38,0.47,0.56,0.53,0.68,0.35,0.26,0.62,0.5,0.5,0.65,0.38,0.62,0.62,0.62,0.5,0.47,0.56,0.74,0.3,0.5,0.44,0.44,0.53,0.08,0.56,0.44,0.65,0.47,0.68,0.59,0.38,0.44,0.32,0.68,0.44,0.29,0.29,0.5,0.59,0.05,0.14,0.44,0.44,0.44,0.41,0.38,0.62,0.35,0.47,0.53,0.59,0.44,0.53,0.71,0.62,0.5,0.47,0.65,0.65,0.5,0.56,0.59,0.62,0.5,0.35
23,0.59,0.65,0.56,0.53,0.62,0.59,0.56,0.74,0.5,0.68,0.68,0.5,0.71,0.65,0.65,0.68,0.53,0.62,0.65,0.68,0.76,0.44,0.41,0.65,0.65,0.59,0.74,0.65,0.65,0.65,0.65,0.47,0.68,0.65,0.76,0.5,0.59,0.53,0.59,0.56,0.35,0.65,0.65,0.62,0.38,0.76,0.56,0.53,0.65,0.65,0.76,0.59,0.44,0.5,0.65,0.62,0.05,0.35,0.41,0.47,0.59,0.62,0.59,0.59,0.56,0.74,0.62,0.68,0.47,0.56,0.74,0.71,0.65,0.56,0.68,0.68,0.65,0.59,0.62,0.65,0.47,0.5
24,0.67,0.76,0.62,0.71,0.68,0.71,0.44,0.82,0.68,0.74,0.62,0.5,0.65,0.65,0.76,0.68,0.47,0.68,0.73,0.68,0.79,0.5,0.47,0.85,0.71,0.65,0.7,0.59,0.71,0.71,0.67,0.53,0.68,0.61,0.79,0.56,0.65,0.53,0.76,0.68,0.29,0.65,0.65,0.68,0.68,0.79,0.74,0.47,0.59,0.59,0.79,0.47,0.5,0.62,0.71,0.68,0.05,0.35,0.59,0.47,0.71,0.62,0.65,0.65,0.5,0.56,0.68,0.82,0.47,0.79,0.7,0.65,0.67,0.62,0.82,0.82,0.59,0.76,0.74,0.85,0.53,0.5
25,0.67,0.76,0.62,0.76,0.74,0.82,0.44,0.82,0.68,0.74,0.62,0.5,0.65,0.65,0.76,0.68,0.53,0.74,0.79,0.68,0.79,0.5,0.47,0.67,0.71,0.65,0.76,0.65,0.71,0.71,0.73,0.53,0.68,0.67,0.79,0.5,0.65,0.53,0.82,0.68,0.24,0.65,0.65,0.68,0.62,0.79,0.74,0.47,0.59,0.53,0.79,0.47,0.38,0.5,0.76,0.68,0.05,0.29,0.59,0.53,0.76,0.62,0.59,0.76,0.56,0.56,0.68,0.82,0.47,0.79,0.76,0.65,0.67,0.62,0.82,0.82,0.59,0.76,0.74,0.73,0.53,0.5
26,0.74,0.76,0.65,0.76,0.73,0.64,0.59,0.71,0.65,0.61,0.67,0.47,0.64,0.76,0.64,0.67,0.62,0.73,0.86,0.67,0.68,0.53,0.56,0.56,0.7,0.64,0.71,0.76,0.58,0.58,0.8,0.5,0.61,0.74,0.74,0.65,0.68,0.5,0.7,0.59,0.44,0.64,0.7,0.67,0.47,0.74,0.67,0.56,0.7,0.56,0.74,0.56,0.41,0.61,0.76,0.73,0.05,0.5,0.56,0.56,0.82,0.73,0.64,0.58,0.65,0.67,0.67,0.83,0.56,0.73,0.71,0.64,0.86,0.73,0.77,0.77,0.64,0.7,0.67,0.62,0.56,0.59
27,0.65,0.71,0.56,0.65,0.62,0.65,0.38,0.79,0.68,0.68,0.56,0.5,0.59,0.59,0.71,0.68,0.41,0.62,0.71,0.62,0.76,0.44,0.41,0.76,0.65,0.59,0.68,0.53,0.65,0.71,0.71,0.53,0.62,0.59,0.76,0.5,0.59,0.47,0.71,0.62,0.18,0.59,0.59,0.68,0.62,0.76,0.68,0.41,0.53,0.47,0.76,0.41,0.38,0.5,0.65,0.68,0.05,0.24,0.59,0.41,0.65,0.56,0.53,0.59,0.44,0.5,0.68,0.79,0.41,0.74,0.68,0.65,0.65,0.62,0.79,0.79,0.53,0.77,0.68,0.76,0.53,0.44
28,0.89,0.79,0.68,0.79,0.7,0.67,0.56,0.8,0.68,0.7,0.76,0.56,0.73,0.79,0.73,0.7,0.59,0.7,0.89,0.82,0.77,0.62,0.53,0.65,0.79,0.79,0.8,0.67,0.73,0.67,0.83,0.59,0.7,0.83,0.77,0.74,0.71,0.59,0.73,0.68,0.35,0.73,0.79,0.76,0.62,0.83,0.82,0.59,0.67,0.59,0.83,0.59,0.44,0.64,0.73,0.76,0.05,0.41,0.65,0.53,0.79,0.7,0.55,0.73,0.62,0.64,0.76,0.92,0.59,0.82,0.8,0.67,0.95,0.76,0.86,0.86,0.73,0.79,0.82,0.71,0.59,0.62
29,0.83,0.79,0.74,0.79,0.7,0.73,0.62,0.8,0.68,0.7,0.7,0.56,0.73,0.73,0.73,0.7,0.65,0.7,0.77,0.82,0.77,0.56,0.59,0.77,0.79,0.73,0.8,0.73,0.73,0.67,0.71,0.59,0.7,0.71,0.77,0.68,0.71,0.59,0.79,0.68,0.47,0.73,0.73,0.76,0.74,0.83,0.76,0.65,0.73,0.71,0.83,0.59,0.62,0.76,0.73,0.7,0.05,0.53,0.65,0.59,0.79,0.76,0.73,0.73,0.62,0.7,0.7,0.86,0.65,0.76,0.8,0.67,0.89,0.64,0.8,0.8,0.67,0.79,0.82,0.83,0.59,0.68
30,0.7,0.68,0.59,0.68,0.59,0.68,0.41,0.67,0.53,0.59,0.53,0.35,0.56,0.56,0.62,0.53,0.44,0.59,0.64,0.65,0.64,0.41,0.44,0.7,0.62,0.56,0.67,0.56,0.62,0.56,0.58,0.38,0.59,0.58,0.64,0.47,0.56,0.38,0.74,0.53,0.32,0.62,0.56,0.59,0.65,0.64,0.65,0.44,0.56,0.5,0.64,0.38,0.47,0.59,0.56,0.53,0.05,0.38,0.44,0.44,0.68,0.59,0.62,0.68,0.41,0.53,0.53,0.67,0.5,0.65,0.67,0.5,0.7,0.47,0.67,0.67,0.5,0.62,0.65,0.7,0.38,0.47
31,0.59,0.65,0.44,0.53,0.5,0.53,0.38,0.68,0.56,0.56,0.44,0.38,0.59,0.53,0.59,0.56,0.35,0.5,0.71,0.56,0.65,0.38,0.29,0.53,0.53,0.53,0.74,0.41,0.59,0.53,0.65,0.41,0.5,0.65,0.71,0.32,0.53,0.41,0.59,0.5,0.05,0.59,0.47,0.62,0.5,0.65,0.62,0.35,0.47,0.3,0.65,0.41,0.26,0.32,0.53,0.56,0.05,0.11,0.47,0.41,0.53,0.5,0.35,0.59,0.44,0.44,0.5,0.68,0.47,0.62,0.68,0.53,0.59,0.5,0.68,0.68,0.53,0.59,0.62,0.59,0.47,0.38
32,0.92,0.7,0.71,0.76,0.67,0.76,0.59,0.77,0.59,0.61,0.67,0.53,0.64,0.64,0.7,0.67,0.62,0.67,0.8,0.79,0.74,0.59,0.62,0.68,0.76,0.64,0.77,0.64,0.7,0.64,0.68,0.56,0.61,0.68,0.74,0.71,0.62,0.56,0.76,0.65,0.44,0.64,0.64,0.73,0.65,0.8,0.79,0.62,0.7,0.62,0.8,0.56,0.53,0.67,0.7,0.73,0.05,0.5,0.56,0.5,0.76,0.67,0.64,0.76,0.53,0.67,0.73,0.83,0.56,0.73,0.71,0.64,0.86,0.61,0.83,0.83,0.58,0.7,0.73,0.74,0.5,0.65
33,0.76,0.59,0.62,0.59,0.56,0.65,0.5,0.74,0.44,0.56,0.62,0.44,0.59,0.53,0.65,0.62,0.53,0.56,0.65,0.68,0.71,0.38,0.41,0.65,0.65,0.59,0.74,0.59,0.65,0.59,0.65,0.47,0.56,0.65,0.71,0.5,0.53,0.47,0.65,0.56,0.3,0.59,0.59,0.62,0.56,0.76,0.62,0.53,0.59,0.53,0.76,0.47,0.44,0.56,0.59,0.56,0.05,0.35,0.41,0.41,0.59,0.56,0.59,0.71,0.38,0.62,0.56,0.68,0.47,0.56,0.68,0.59,0.71,0.44,0.68,0.68,0.53,0.59,0.68,0.71,0.41,0.5
34,0.76,0.74,0.65,0.79,0.71,0.79,0.47,0.85,0.65,0.71,0.65,0.53,0.62,0.62,0.79,0.71,0.5,0.71,0.82,0.71,0.82,0.59,0.5,0.7,0.74,0.62,0.73,0.56,0.74,0.74,0.7,0.56,0.65,0.64,0.82,0.59,0.62,0.56,0.74,0.71,0.21,0.62,0.62,0.71,0.59,0.82,0.82,0.5,0.62,0.5,0.82,0.5,0.41,0.53,0.74,0.76,0.05,0.26,0.56,0.5,0.74,0.59,0.56,0.79,0.47,0.59,0.76,0.85,0.44,0.82,0.73,0.68,0.7,0.65,0.91,0.91,0.56,0.74,0.71,0.76,0.5,0.53
35,0.65,0.71,0.56,0.77,0.56,0.59,0.44,0.68,0.56,0.56,0.5,0.32,0.59,0.59,0.59,0.56,0.41,0.56,0.71,0.62,0.65,0.44,0.41,0.53,0.59,0.53,0.68,0.53,0.59,0.53,0.59,0.35,0.56,0.59,0.71,0.44,0.59,0.35,0.59,0.5,0.12,0.65,0.53,0.62,0.44,0.65,0.68,0.41,0.59,0.35,0.65,0.41,0.32,0.44,0.53,0.62,0.05,0.18,0.41,0.53,0.71,0.62,0.47,0.65,0.44,0.56,0.56,0.74,0.53,0.68,0.79,0.53,0.76,0.56,0.74,0.74,0.53,0.59,0.62,0.59,0.41,0.44
36,0.71,0.59,0.5,0.65,0.5,0.53,0.38,0.62,0.44,0.5,0.56,0.32,0.47,0.59,0.53,0.5,0.41,0.5,0.71,0.56,0.59,0.38,0.41,0.53,0.59,0.53,0.56,0.53,0.47,0.47,0.65,0.35,0.5,0.59,0.59,0.56,0.47,0.35,0.59,0.44,0.3,0.47,0.59,0.5,0.38,0.65,0.56,0.41,0.53,0.41,0.65,0.35,0.32,0.56,0.53,0.56,0.05,0.35,0.41,0.35,0.65,0.56,0.47,0.47,0.38,0.5,0.56,0.74,0.35,0.62,0.56,0.47,0.76,0.56,0.68,0.68,0.47,0.59,0.56,0.59,0.35,0.44
37,0.7,0.74,0.59,0.68,0.65,0.68,0.41,0.79,0.65,0.71,0.59,0.47,0.68,0.62,0.74,0.65,0.44,0.65,0.7,0.71,0.76,0.47,0.44,0.82,0.68,0.68,0.73,0.56,0.74,0.68,0.64,0.5,0.65,0.64,0.76,0.53,0.62,0.5,0.74,0.65,0.26,0.68,0.62,0.71,0.71,0.76,0.76,0.44,0.56,0.56,0.76,0.44,0.47,0.59,0.68,0.65,0.05,0.32,0.56,0.44,0.68,0.59,0.62,0.68,0.47,0.53,0.65,0.79,0.5,0.76,0.73,0.62,0.7,0.59,0.79,0.79,0.62,0.74,0.76,0.82,0.5,0.47
38,0.62,0.74,0.59,0.68,0.65,0.62,0.41,0.82,0.71,0.71,0.59,0.53,0.62,0.62,0.74,0.71,0.44,0.65,0.74,0.65,0.79,0.47,0.38,0.74,0.68,0.62,0.71,0.56,0.68,0.74,0.74,0.56,0.65,0.62,0.79,0.47,0.62,0.5,0.68,0.65,0.15,0.62,0.62,0.71,0.59,0.79,0.71,0.44,0.56,0.44,0.79,0.44,0.35,0.47,0.68,0.71,0.05,0.21,0.62,0.44,0.68,0.59,0.5,0.62,0.47,0.53,0.71,0.82,0.44,0.77,0.71,0.68,0.68,0.65,0.82,0.82,0.56,0.8,0.71,0.74,0.56,0.47
39,0.8,0.76,0.71,0.88,0.67,0.76,0.53,0.77,0.65,0.67,0.61,0.47,0.64,0.64,0.7,0.61,0.56,0.67,0.8,0.73,0.74,0.59,0.56,0.62,0.7,0.64,0.77,0.64,0.7,0.64,0.68,0.5,0.67,0.68,0.74,0.59,0.68,0.5,0.76,0.65,0.32,0.7,0.64,0.67,0.65,0.74,0.79,0.56,0.64,0.5,0.74,0.5,0.47,0.55,0.64,0.67,0.05,0.38,0.56,0.62,0.82,0.67,0.58,0.82,0.53,0.61,0.67,0.83,0.62,0.79,0.83,0.58,0.86,0.61,0.83,0.83,0.58,0.7,0.73,0.68,0.5,0.59
40,0.68,0.8,0.59,0.74,0.65,0.62,0.47,0.76,0.65,0.65,0.59,0.41,0.62,0.68,0.68,0.65,0.44,0.65,0.79,0.65,0.74,0.53,0.44,0.62,0.68,0.56,0.71,0.56,0.62,0.62,0.68,0.44,0.65,0.62,0.79,0.53,0.68,0.44,0.68,0.59,0.15,0.68,0.62,0.65,0.47,0.74,0.71,0.44,0.62,0.44,0.74,0.5,0.35,0.47,0.62,0.71,0.05,0.21,0.5,0.5,0.74,0.65,0.5,0.62,0.53,0.59,0.65,0.82,0.5,0.77,0.76,0.62,0.74,0.65,0.82,0.82,0.56,0.68,0.65,0.68,0.5,0.47
41,0.71,0.53,0.44,0.53,0.5,0.53,0.38,0.62,0.38,0.44,0.5,0.38,0.47,0.47,0.53,0.5,0.41,0.5,0.59,0.62,0.59,0.44,0.41,0.59,0.59,0.47,0.56,0.41,0.53,0.47,0.47,0.41,0.44,0.47,0.59,0.5,0.41,0.41,0.53,0.44,0.23,0.47,0.47,0.56,0.44,0.65,0.62,0.41,0.47,0.47,0.65,0.41,0.38,0.5,0.53,0.56,0.05,0.29,0.41,0.29,0.53,0.44,0.47,0.53,0.38,0.44,0.56,0.68,0.35,0.56,0.56,0.47,0.65,0.44,0.68,0.68,0.41,0.53,0.56,0.65,0.35,0.44
42,0.77,0.73,0.68,0.79,0.7,0.73,0.56,0.74,0.62,0.64,0.64,0.5,0.61,0.67,0.67,0.64,0.65,0.7,0.77,0.7,0.71,0.56,0.65,0.77,0.73,0.61,0.68,0.73,0.61,0.61,0.65,0.53,0.64,0.59,0.71,0.68,0.65,0.53,0.79,0.62,0.47,0.61,0.67,0.64,0.62,0.77,0.7,0.59,0.67,0.71,0.77,0.53,0.56,0.7,0.73,0.7,0.05,0.53,0.59,0.53,0.85,0.7,0.73,0.61,0.62,0.64,0.7,0.86,0.53,0.76,0.68,0.61,0.83,0.64,0.8,0.8,0.55,0.73,0.7,0.77,0.53,0.62
43,0.68,0.74,0.53,0.68,0.59,0.56,0.41,0.76,0.65,0.65,0.53,0.41,0.68,0.62,0.68,0.65,0.38,0.59,0.79,0.65,0.74,0.47,0.38,0.62,0.62,0.62,0.76,0.5,0.68,0.62,0.68,0.44,0.59,0.68,0.79,0.47,0.62,0.44,0.62,0.59,0.09,0.68,0.56,0.71,0.53,0.74,0.77,0.38,0.56,0.38,0.74,0.44,0.3,0.41,0.62,0.71,0.05,0.15,0.5,0.44,0.68,0.59,0.44,0.62,0.47,0.53,0.65,0.82,0.5,0.77,0.76,0.62,0.74,0.65,0.82,0.82,0.62,0.68,0.71,0.68,0.5,0.41
44,0.62,0.68,0.59,0.62,0.65,0.62,0.47,0.77,0.53,0.59,0.59,0.47,0.5,0.56,0.68,0.59,0.5,0.65,0.62,0.65,0.74,0.53,0.44,0.62,0.68,0.5,0.59,0.5,0.62,0.62,0.56,0.5,0.59,0.5,0.74,0.47,0.56,0.5,0.62,0.59,0.2,0.56,0.56,0.59,0.41,0.74,0.65,0.5,0.56,0.44,0.74,0.5,0.41,0.47,0.62,0.59,0.05,0.26,0.5,0.44,0.62,0.53,0.5,0.62,0.47,0.53,0.59,0.71,0.44,0.65,0.65,0.56,0.62,0.47,0.77,0.77,0.44,0.62,0.59,0.68,0.44,0.53
45,0.79,0.76,0.74,0.76,0.74,0.76,0.56,0.82,0.62,0.68,0.68,0.5,0.65,0.65,0.76,0.68,0.59,0.74,0.73,0.79,0.79,0.56,0.53,0.67,0.76,0.65,0.76,0.65,0.76,0.71,0.67,0.53,0.68,0.67,0.79,0.56,0.65,0.53,0.76,0.68,0.29,0.71,0.65,0.74,0.62,0.79,0.79,0.59,0.71,0.53,0.79,0.53,0.5,0.62,0.71,0.68,0.05,0.35,0.53,0.53,0.76,0.68,0.65,0.82,0.5,0.68,0.68,0.76,0.59,0.74,0.76,0.65,0.79,0.56,0.82,0.82,0.59,0.71,0.74,0.73,0.47,0.62
46,0.68,0.7,0.59,0.76,0.67,0.76,0.41,0.77,0.71,0.67,0.55,0.53,0.58,0.58,0.7,0.67,0.5,0.67,0.74,0.61,0.74,0.53,0.56,0.86,0.64,0.58,0.65,0.58,0.64,0.7,0.68,0.56,0.61,0.56,0.74,0.59,0.62,0.5,0.76,0.65,0.32,0.58,0.58,0.67,0.71,0.74,0.73,0.44,0.52,0.62,0.74,0.44,0.47,0.55,0.7,0.73,0.05,0.38,0.62,0.5,0.76,0.55,0.64,0.64,0.53,0.49,0.73,0.83,0.44,0.79,0.71,0.64,0.68,0.67,0.83,0.83,0.52,0.76,0.67,0.8,0.56,0.47
47,0.82,0.65,0.5,0.59,0.56,0.65,0.38,0.68,0.5,0.56,0.62,0.38,0.59,0.65,0.59,0.56,0.41,0.56,0.76,0.68,0.65,0.38,0.35,0.59,0.65,0.65,0.74,0.53,0.59,0.53,0.71,0.41,0.56,0.71,0.65,0.56,0.53,0.41,0.71,0.5,0.24,0.59,0.65,0.62,0.56,0.71,0.62,0.41,0.53,0.47,0.71,0.41,0.32,0.56,0.59,0.56,0.05,0.3,0.47,0.35,0.59,0.56,0.47,0.65,0.44,0.5,0.56,0.74,0.41,0.62,0.68,0.53,0.76,0.56,0.68,0.68,0.59,0.65,0.68,0.65,0.41,0.44
48,0.65,0.59,0.44,0.53,0.5,0.59,0.32,0.62,0.44,0.5,0.44,0.32,0.47,0.47,0.53,0.44,0.35,0.5,0.59,0.56,0.59,0.38,0.35,0.59,0.53,0.47,0.62,0.41,0.53,0.47,0.53,0.35,0.5,0.53,0.59,0.38,0.47,0.35,0.65,0.44,0.17,0.53,0.47,0.5,0.56,0.59,0.56,0.35,0.41,0.41,0.59,0.35,0.38,0.44,0.47,0.44,0.05,0.23,0.41,0.35,0.53,0.44,0.47,0.59,0.38,0.38,0.44,0.62,0.41,0.56,0.62,0.41,0.59,0.38,0.62,0.62,0.41,0.53,0.56,0.65,0.35,0.38
49,0.64,0.74,0.77,0.74,0.76,0.74,0.59,0.85,0.59,0.71,0.71,0.53,0.62,0.62,0.79,0.71,0.68,0.76,0.64,0.71,0.82,0.53,0.56,0.7,0.74,0.62,0.67,0.74,0.74,0.74,0.64,0.56,0.71,0.58,0.82,0.53,0.68,0.56,0.74,0.71,0.44,0.68,0.68,0.65,0.53,0.82,0.71,0.62,0.68,0.62,0.82,0.56,0.53,0.59,0.74,0.65,0.05,0.5,0.5,0.56,0.79,0.65,0.74,0.74,0.53,0.71,0.65,0.73,0.56,0.71,0.73,0.68,0.7,0.53,0.79,0.79,0.56,0.68,0.71,0.76,0.5,0.59
50,0.83,0.85,0.74,0.79,0.76,0.73,0.62,0.92,0.79,0.76,0.7,0.62,0.79,0.73,0.85,0.82,0.59,0.76,0.89,0.82,0.89,0.68,0.59,0.77,0.79,0.73,0.86,0.61,0.85,0.79,0.77,0.65,0.7,0.77,0.95,0.68,0.76,0.65,0.73,0.79,0.29,0.79,0.67,0.88,0.68,0.89,0.94,0.59,0.73,0.59,0.89,0.65,0.5,0.58,0.79,0.88,0.05,0.35,0.65,0.59,0.79,0.7,0.61,0.79,0.62,0.7,0.82,0.92,0.65,0.88,0.86,0.79,0.83,0.76,0.98,0.98,0.73,0.79,0.82,0.83,0.65,0.62
51,0.59,0.53,0.38,0.53,0.44,0.47,0.32,0.62,0.5,0.5,0.44,0.44,0.47,0.47,0.53,0.56,0.35,0.44,0.65,0.5,0.59,0.38,0.35,0.65,0.53,0.47,0.56,0.41,0.47,0.53,0.59,0.47,0.44,0.47,0.59,0.44,0.41,0.41,0.53,0.44,0.17,0.41,0.47,0.56,0.5,0.65,0.56,0.35,0.41,0.41,0.65,0.35,0.32,0.44,0.53,0.62,0.05,0.23,0.53,0.29,0.53,0.44,0.41,0.41,0.38,0.38,0.62,0.74,0.29,0.62,0.5,0.53,0.59,0.56,0.68,0.68,0.41,0.65,0.56,0.65,0.47,0.38
52,0.71,0.71,0.56,0.65,0.56,0.53,0.5,0.68,0.56,0.56,0.62,0.38,0.65,0.71,0.59,0.62,0.47,0.56,0.76,0.68,0.65,0.38,0.35,0.53,0.65,0.65,0.74,0.59,0.59,0.53,0.71,0.41,0.56,0.71,0.71,0.5,0.59,0.41,0.59,0.5,0.24,0.65,0.65,0.68,0.44,0.71,0.62,0.47,0.65,0.41,0.71,0.47,0.32,0.56,0.59,0.62,0.05,0.3,0.47,0.47,0.65,0.68,0.47,0.59,0.5,0.62,0.56,0.74,0.53,0.62,0.74,0.59,0.82,0.62,0.68,0.68,0.65,0.65,0.68,0.59,0.47,0.5
53,0.76,0.68,0.59,0.74,0.59,0.62,0.47,0.67,0.53,0.59,0.65,0.41,0.56,0.68,0.62,0.59,0.5,0.59,0.76,0.65,0.64,0.47,0.5,0.7,0.68,0.62,0.61,0.62,0.56,0.56,0.64,0.44,0.59,0.58,0.64,0.65,0.56,0.44,0.68,0.53,0.38,0.56,0.68,0.59,0.53,0.7,0.65,0.5,0.62,0.56,0.7,0.44,0.47,0.71,0.62,0.65,0.05,0.44,0.5,0.44,0.74,0.65,0.62,0.56,0.47,0.59,0.65,0.79,0.44,0.71,0.61,0.56,0.82,0.65,0.73,0.73,0.56,0.68,0.65,0.7,0.44,0.53
54,0.83,0.91,0.74,0.79,0.76,0.73,0.68,0.86,0.79,0.76,0.82,0.62,0.79,0.91,0.79,0.82,0.65,0.76,0.95,0.82,0.83,0.62,0.53,0.71,0.85,0.79,0.86,0.73,0.73,0.73,0.89,0.65,0.76,0.83,0.89,0.74,0.82,0.65,0.79,0.74,0.41,0.79,0.85,0.82,0.62,0.89,0.76,0.65,0.79,0.65,0.89,0.71,0.5,0.7,0.79,0.82,0.05,0.47,0.71,0.65,0.79,0.82,0.61,0.73,0.74,0.76,0.76,0.92,0.65,0.82,0.86,0.79,0.89,0.82,0.86,0.86,0.79,0.85,0.82,0.77,0.71,0.68
55,0.67,0.82,0.68,0.76,0.79,0.76,0.5,0.88,0.74,0.79,0.68,0.56,0.71,0.71,0.82,0.74,0.59,0.79,0.79,0.74,0.85,0.56,0.53,0.73,0.76,0.71,0.76,0.71,0.76,0.76,0.73,0.59,0.74,0.67,0.85,0.56,0.71,0.59,0.82,0.74,0.29,0.71,0.71,0.74,0.62,0.85,0.79,0.53,0.65,0.59,0.85,0.53,0.44,0.56,0.82,0.74,0.05,0.35,0.65,0.53,0.82,0.68,0.65,0.71,0.62,0.62,0.74,0.88,0.53,0.85,0.76,0.71,0.73,0.68,0.88,0.88,0.65,0.82,0.79,0.79,0.59,0.56
56,0.8,0.7,0.65,0.7,0.67,0.7,0.53,0.83,0.71,0.67,0.67,0.65,0.64,0.64,0.76,0.79,0.56,0.67,0.8,0.73,0.8,0.59,0.56,0.92,0.76,0.64,0.71,0.58,0.7,0.76,0.74,0.68,0.61,0.62,0.8,0.71,0.62,0.62,0.7,0.71,0.38,0.58,0.64,0.79,0.71,0.86,0.79,0.56,0.64,0.68,0.86,0.56,0.53,0.67,0.76,0.85,0.05,0.44,0.68,0.44,0.7,0.61,0.64,0.64,0.53,0.61,0.85,0.89,0.44,0.79,0.65,0.76,0.74,0.73,0.89,0.89,0.58,0.82,0.73,0.86,0.62,0.59
57,0.92,0.82,0.71,0.82,0.73,0.82,0.53,0.83,0.71,0.73,0.67,0.53,0.7,0.7,0.76,0.67,0.56,0.73,0.86,0.79,0.8,0.65,0.62,0.74,0.76,0.7,0.83,0.64,0.76,0.7,0.74,0.56,0.73,0.74,0.8,0.71,0.74,0.56,0.88,0.71,0.32,0.76,0.7,0.73,0.76,0.8,0.85,0.56,0.64,0.62,0.8,0.56,0.53,0.61,0.7,0.73,0.05,0.38,0.62,0.56,0.82,0.67,0.64,0.82,0.59,0.61,0.73,0.89,0.62,0.85,0.83,0.64,0.86,0.67,0.89,0.89,0.64,0.76,0.79,0.8,0.56,0.59
58,0.65,0.77,0.62,0.71,0.74,0.71,0.44,0.79,0.62,0.68,0.62,0.44,0.59,0.65,0.71,0.62,0.53,0.74,0.71,0.68,0.76,0.5,0.47,0.65,0.71,0.59,0.68,0.65,0.65,0.65,0.65,0.47,0.68,0.59,0.76,0.5,0.65,0.47,0.77,0.62,0.24,0.65,0.65,0.62,0.5,0.76,0.68,0.47,0.59,0.53,0.76,0.47,0.38,0.5,0.71,0.62,0.05,0.3,0.53,0.47,0.77,0.62,0.59,0.65,0.56,0.56,0.62,0.79,0.47,0.74,0.74,0.59,0.71,0.56,0.79,0.79,0.53,0.71,0.68,0.71,0.47,0.5
59,0.82,0.79,0.65,0.74,0.71,0.74,0.53,0.79,0.65,0.71,0.71,0.53,0.74,0.74,0.74,0.71,0.56,0.71,0.76,0.82,0.76,0.53,0.5,0.7,0.79,0.74,0.79,0.68,0.74,0.68,0.7,0.56,0.71,0.7,0.76,0.65,0.68,0.56,0.79,0.65,0.32,0.74,0.74,0.76,0.65,0.82,0.76,0.56,0.68,0.62,0.82,0.56,0.47,0.65,0.74,0.71,0.05,0.38,0.62,0.5,0.74,0.71,0.62,0.74,0.59,0.65,0.71,0.85,0.56,0.76,0.79,0.68,0.82,0.65,0.79,0.79,0.68,0.79,0.82,0.76,0.56,0.59
60,0.76,0.85,0.65,0.79,0.71,0.68,0.53,0.79,0.71,0.71,0.65,0.47,0.74,0.74,0.74,0.71,0.5,0.71,0.82,0.76,0.76,0.59,0.5,0.64,0.74,0.68,0.79,0.62,0.74,0.68,0.7,0.5,0.71,0.7,0.82,0.59,0.74,0.5,0.74,0.65,0.21,0.79,0.68,0.76,0.59,0.76,0.82,0.5,0.68,0.5,0.76,0.56,0.41,0.53,0.68,0.76,0.05,0.26,0.56,0.56,0.79,0.71,0.56,0.74,0.59,0.65,0.71,0.85,0.62,0.82,0.85,0.68,0.82,0.71,0.85,0.85,0.68,0.74,0.76,0.7,0.56,0.53
61,0.5,0.68,0.47,0.56,0.53,0.5,0.41,0.65,0.53,0.59,0.47,0.41,0.56,0.68,0.56,0.53,0.38,0.53,0.62,0.59,0.62,0.53,0.38,0.56,0.56,0.44,0.59,0.56,0.56,0.56,0.56,0.38,0.65,0.5,0.68,0.47,0.56,0.38,0.56,0.47,0.2,0.56,0.5,0.53,0.35,0.62,0.53,0.44,0.62,0.38,0.62,0.44,0.41,0.47,0.5,0.53,0.05,0.26,0.44,0.5,0.56,0.65,0.5,0.5,0.53,0.59,0.53,0.65,0.44,0.59,0.65,0.56,0.62,0.59,0.65,0.65,0.5,0.56,0.53,0.56,0.44,0.47
62,0.73,0.71,0.5,0.65,0.56,0.53,0.44,0.7,0.68,0.68,0.62,0.56,0.76,0.76,0.65,0.74,0.41,0.56,0.85,0.74,0.67,0.5,0.41,0.67,0.65,0.71,0.76,0.59,0.71,0.71,0.79,0.53,0.62,0.73,0.73,0.62,0.59,0.47,0.59,0.56,0.24,0.65,0.65,0.79,0.56,0.73,0.74,0.47,0.65,0.47,0.73,0.47,0.32,0.56,0.65,0.79,0.05,0.29,0.59,0.47,0.65,0.68,0.47,0.59,0.56,0.62,0.79,0.82,0.47,0.74,0.7,0.76,0.85,0.85,0.76,0.76,0.76,0.76,0.74,0.61,0.59,0.5
63,0.79,0.82,0.62,0.76,0.68,0.71,0.5,0.76,0.68,0.68,0.62,0.44,0.71,0.71,0.71,0.68,0.47,0.68,0.85,0.74,0.73,0.56,0.47,0.61,0.71,0.65,0.82,0.59,0.71,0.65,0.73,0.47,0.68,0.73,0.79,0.56,0.71,0.47,0.76,0.62,0.18,0.76,0.65,0.74,0.62,0.73,0.79,0.47,0.65,0.47,0.73,0.53,0.38,0.5,0.65,0.74,0.05,0.24,0.53,0.53,0.76,0.68,0.53,0.76,0.56,0.62,0.68,0.82,0.59,0.79,0.82,0.65,0.79,0.68,0.82,0.82,0.65,0.71,0.74,0.67,0.53,0.5
64,0.56,0.68,0.65,0.68,0.59,0.62,0.59,0.76,0.53,0.65,0.65,0.41,0.62,0.56,0.68,0.65,0.5,0.59,0.62,0.59,0.79,0.41,0.38,0.62,0.62,0.56,0.71,0.56,0.62,0.62,0.62,0.44,0.65,0.62,0.79,0.41,0.62,0.5,0.56,0.59,0.27,0.68,0.62,0.59,0.41,0.74,0.59,0.5,0.62,0.5,0.74,0.56,0.47,0.47,0.56,0.59,0.05,0.27,0.38,0.56,0.62,0.59,0.56,0.68,0.41,0.71,0.53,0.65,0.56,0.59,0.82,0.62,0.62,0.47,0.71,0.71,0.56,0.56,0.59,0.68,0.44,0.47
65,0.62,0.62,0.53,0.5,0.65,0.62,0.53,0.71,0.47,0.59,0.65,0.41,0.62,0.56,0.62,0.65,0.5,0.65,0.68,0.59,0.74,0.35,0.32,0.56,0.62,0.56,0.76,0.62,0.56,0.56,0.68,0.44,0.59,0.68,0.74,0.41,0.56,0.5,0.62,0.53,0.32,0.62,0.62,0.59,0.41,0.74,0.53,0.44,0.56,0.56,0.74,0.56,0.35,0.41,0.68,0.59,0.05,0.32,0.38,0.38,0.56,0.53,0.56,0.62,0.47,0.65,0.53,0.65,0.44,0.53,0.71,0.62,0.56,0.47,0.65,0.65,0.56,0.56,0.59,0.62,0.44,0.41
66,0.71,0.71,0.62,0.71,0.62,0.71,0.44,0.74,0.56,0.62,0.56,0.38,0.53,0.59,0.65,0.56,0.47,0.62,0.71,0.62,0.71,0.44,0.47,0.65,0.65,0.53,0.68,0.59,0.59,0.59,0.65,0.41,0.62,0.59,0.71,0.5,0.59,0.41,0.77,0.56,0.24,0.59,0.59,0.56,0.56,0.71,0.62,0.47,0.59,0.47,0.71,0.41,0.44,0.56,0.59,0.56,0.05,0.3,0.47,0.47,0.71,0.62,0.59,0.65,0.44,0.56,0.56,0.74,0.47,0.68,0.68,0.53,0.71,0.5,0.74,0.74,0.47,0.65,0.62,0.71,0.41,0.5
67,0.71,0.73,0.79,0.79,0.82,0.79,0.62,0.86,0.62,0.7,0.7,0.56,0.61,0.61,0.79,0.7,0.71,0.82,0.65,0.7,0.83,0.56,0.65,0.71,0.79,0.61,0.68,0.73,0.73,0.73,0.65,0.59,0.7,0.59,0.83,0.56,0.71,0.59,0.73,0.74,0.41,0.67,0.67,0.64,0.56,0.83,0.7,0.65,0.73,0.65,0.83,0.59,0.56,0.7,0.73,0.64,0.05,0.53,0.53,0.65,0.79,0.64,0.73,0.79,0.56,0.7,0.64,0.74,0.59,0.7,0.8,0.67,0.71,0.52,0.8,0.8,0.55,0.67,0.7,0.83,0.53,0.62
68,0.38,0.5,0.41,0.38,0.47,0.38,0.37,0.53,0.41,0.47,0.41,0.37,0.5,0.5,0.44,0.47,0.4,0.47,0.5,0.47,0.5,0.31,0.28,0.44,0.44,0.38,0.53,0.56,0.44,0.44,0.5,0.34,0.47,0.44,0.56,0.35,0.5,0.34,0.44,0.41,0.22,0.44,0.44,0.41,0.29,0.56,0.35,0.4,0.44,0.44,0.56,0.4,0.25,0.3,0.5,0.41,0.05,0.28,0.34,0.4,0.44,0.47,0.44,0.38,0.49,0.47,0.41,0.53,0.34,0.41,0.53,0.5,0.5,0.41,0.47,0.47,0.44,0.44,0.47,0.44,0.4,0.37
69,0.53,0.47,0.5,0.47,0.5,0.53,0.5,0.62,0.32,0.5,0.56,0.38,0.47,0.41,0.53,0.5,0.53,0.5,0.47,0.5,0.65,0.32,0.41,0.59,0.53,0.47,0.56,0.53,0.47,0.47,0.47,0.41,0.5,0.47,0.59,0.38,0.41,0.47,0.53,0.44,0.41,0.47,0.53,0.44,0.38,0.65,0.44,0.47,0.47,0.59,0.65,0.47,0.5,0.5,0.53,0.44,0.05,0.41,0.35,0.35,0.53,0.44,0.59,0.47,0.38,0.56,0.44,0.56,0.41,0.44,0.56,0.47,0.53,0.32,0.56,0.56,0.41,0.47,0.5,0.65,0.35,0.44
70,0.86,0.88,0.76,0.88,0.79,0.76,0.59,0.89,0.76,0.79,0.73,0.59,0.76,0.76,0.82,0.73,0.62,0.79,0.86,0.85,0.86,0.71,0.62,0.74,0.82,0.76,0.83,0.7,0.82,0.76,0.74,0.62,0.79,0.74,0.86,0.71,0.79,0.62,0.82,0.76,0.32,0.82,0.76,0.79,0.71,0.86,0.91,0.62,0.7,0.62,0.86,0.62,0.53,0.61,0.76,0.79,0.05,0.38,0.68,0.62,0.88,0.73,0.64,0.82,0.65,0.67,0.79,0.95,0.68,0.91,0.89,0.7,0.92,0.73,0.95,0.95,0.7,0.82,0.85,0.8,0.62,0.65
71,0.64,0.68,0.65,0.68,0.76,0.74,0.53,0.73,0.53,0.59,0.59,0.41,0.56,0.56,0.68,0.65,0.56,0.76,0.64,0.59,0.7,0.41,0.5,0.58,0.68,0.5,0.67,0.68,0.62,0.62,0.64,0.44,0.59,0.58,0.76,0.41,0.62,0.44,0.68,0.59,0.32,0.62,0.56,0.59,0.47,0.7,0.59,0.5,0.68,0.5,0.7,0.5,0.41,0.53,0.68,0.59,0.05,0.44,0.38,0.56,0.68,0.59,0.68,0.74,0.47,0.65,0.53,0.61,0.5,0.59,0.73,0.62,0.58,0.47,0.67,0.67,0.5,0.56,0.59,0.7,0.44,0.47
72,0.47,0.53,0.44,0.53,0.44,0.47,0.32,0.68,0.5,0.62,0.44,0.5,0.59,0.47,0.59,0.56,0.35,0.44,0.53,0.56,0.65,0.38,0.29,0.65,0.47,0.53,0.62,0.47,0.65,0.65,0.59,0.47,0.56,0.53,0.65,0.32,0.47,0.41,0.47,0.5,0.11,0.53,0.47,0.56,0.5,0.65,0.56,0.41,0.41,0.35,0.65,0.35,0.32,0.32,0.47,0.5,0.05,0.17,0.47,0.47,0.47,0.44,0.41,0.59,0.38,0.44,0.56,0.62,0.41,0.56,0.68,0.59,0.59,0.5,0.62,0.62,0.53,0.59,0.62,0.59,0.47,0.38
73,0.38,0.56,0.53,0.5,0.41,0.38,0.43,0.59,0.47,0.47,0.41,0.31,0.44,0.44,0.5,0.47,0.4,0.41,0.5,0.41,0.56,0.31,0.28,0.44,0.44,0.38,0.53,0.44,0.44,0.44,0.5,0.34,0.47,0.44,0.62,0.29,0.56,0.34,0.44,0.47,0.16,0.5,0.44,0.41,0.35,0.56,0.41,0.4,0.44,0.32,0.56,0.4,0.31,0.3,0.38,0.41,0.05,0.22,0.34,0.46,0.5,0.47,0.38,0.44,0.37,0.47,0.35,0.53,0.46,0.47,0.59,0.44,0.5,0.35,0.53,0.53,0.38,0.44,0.47,0.5,0.4,0.37
74,0.62,0.62,0.41,0.56,0.47,0.44,0.41,0.65,0.53,0.53,0.53,0.41,0.56,0.62,0.56,0.59,0.38,0.47,0.8,0.53,0.62,0.41,0.32,0.5,0.56,0.56,0.65,0.44,0.5,0.5,0.68,0.44,0.47,0.62,0.68,0.47,0.5,0.44,0.5,0.47,0.14,0.5,0.56,0.59,0.35,0.68,0.59,0.38,0.5,0.32,0.68,0.44,0.23,0.41,0.56,0.65,0.05,0.2,0.5,0.38,0.56,0.53,0.32,0.44,0.47,0.47,0.59,0.77,0.38,0.65,0.59,0.56,0.68,0.65,0.71,0.71,0.56,0.62,0.59,0.56,0.5,0.41
75,0.67,0.65,0.56,0.71,0.68,0.76,0.38,0.76,0.56,0.68,0.56,0.5,0.59,0.59,0.71,0.62,0.47,0.68,0.67,0.68,0.73,0.56,0.59,0.79,0.65,0.53,0.58,0.59,0.71,0.71,0.55,0.47,0.62,0.49,0.73,0.62,0.53,0.47,0.71,0.62,0.35,0.53,0.53,0.62,0.56,0.73,0.74,0.47,0.59,0.65,0.73,0.41,0.5,0.62,0.71,0.68,0.05,0.41,0.47,0.47,0.71,0.56,0.71,0.65,0.5,0.56,0.74,0.76,0.35,0.74,0.64,0.65,0.67,0.62,0.82,0.82,0.53,0.65,0.62,0.79,0.41,0.5
76,0.29,0.24,0.2,0.12,0.32,0.18,0.22,0.38,0.2,0.32,0.32,0.22,0.35,0.35,0.3,0.32,0.19,0.32,0.35,0.27,0.41,0.16,0.13,0.29,0.3,0.3,0.38,0.35,0.3,0.3,0.41,0.19,0.32,0.41,0.41,0.26,0.23,0.25,0.18,0.26,0.25,0.24,0.3,0.27,0.08,0.41,0.21,0.19,0.35,0.29,0.41,0.25,0.16,0.32,0.35,0.27,0.24,0.25,0.13,0.13,0.18,0.27,0.3,0.18,0.22,0.38,0.27,0.32,0.13,0.21,0.32,0.35,0.29,0.32,0.32,0.32,0.35,0.24,0.27,0.35,0.19,0.16
77,0.8,0.76,0.71,0.82,0.67,0.76,0.53,0.77,0.65,0.67,0.61,0.47,0.58,0.64,0.7,0.61,0.56,0.67,0.8,0.67,0.74,0.59,0.62,0.74,0.7,0.58,0.71,0.64,0.64,0.64,0.68,0.5,0.67,0.62,0.74,0.65,0.68,0.5,0.82,0.65,0.44,0.64,0.64,0.61,0.71,0.74,0.73,0.56,0.64,0.62,0.74,0.5,0.59,0.67,0.64,0.67,0.05,0.5,0.56,0.56,0.82,0.67,0.7,0.7,0.53,0.61,0.67,0.83,0.56,0.79,0.71,0.58,0.8,0.61,0.83,0.83,0.52,0.7,0.67,0.8,0.5,0.59
78,0.24,0.06,0.08,0.05,0.21,0.12,0.05,0.26,0.08,0.21,0.27,0.16,0.18,0.18,0.18,0.21,0.07,0.21,0.18,0.15,0.29,0.05,0.07,0.41,0.18,0.24,0.21,0.24,0.18,0.24,0.24,0.13,0.21,0.24,0.24,0.2,0.05,0.13,0.12,0.14,0.31,0.12,0.24,0.15,0.14,0.29,0.09,0.07,0.18,0.29,0.29,0.07,0.16,0.32,0.24,0.15,0.41,0.25,0.07,0.05,0.06,0.15,0.3,0.06,0.05,0.21,0.21,0.21,0.05,0.09,0.15,0.24,0.18,0.21,0.21,0.21,0.24,0.18,0.15,0.35,0.07,0.05
79,0.67,0.76,0.62,0.82,0.68,0.71,0.44,0.82,0.68,0.79,0.62,0.56,0.71,0.71,0.76,0.68,0.47,0.68,0.79,0.74,0.79,0.62,0.53,0.73,0.71,0.65,0.7,0.65,0.76,0.76,0.67,0.53,0.74,0.61,0.79,0.62,0.65,0.53,0.71,0.68,0.24,0.65,0.65,0.68,0.56,0.79,0.79,0.53,0.65,0.53,0.79,0.47,0.44,0.56,0.71,0.74,0.05,0.29,0.59,0.59,0.76,0.68,0.59,0.71,0.56,0.62,0.79,0.88,0.47,0.85,0.76,0.71,0.79,0.74,0.88,0.88,0.65,0.76,0.74,0.73,0.53,0.56
80,0.67,0.59,0.56,0.59,0.5,0.53,0.44,0.64,0.44,0.62,0.62,0.44,0.65,0.65,0.59,0.56,0.47,0.5,0.61,0.68,0.61,0.38,0.41,0.73,0.59,0.65,0.64,0.65,0.65,0.59,0.61,0.41,0.62,0.61,0.61,0.56,0.53,0.41,0.59,0.5,0.47,0.59,0.65,0.56,0.56,0.67,0.56,0.53,0.59,0.59,0.67,0.41,0.5,0.68,0.53,0.5,0.05,0.53,0.41,0.47,0.59,0.62,0.65,0.59,0.44,0.62,0.56,0.64,0.47,0.56,0.64,0.59,0.79,0.56,0.58,0.58,0.65,0.59,0.68,0.67,0.41,0.5
81,0.67,0.76,0.68,0.71,0.68,0.71,0.5,0.82,0.62,0.74,0.68,0.5,0.65,0.65,0.76,0.68,0.53,0.68,0.67,0.68,0.79,0.5,0.47,0.85,0.71,0.65,0.7,0.65,0.71,0.71,0.67,0.53,0.74,0.61,0.79,0.56,0.71,0.53,0.76,0.68,0.35,0.71,0.71,0.62,0.68,0.79,0.68,0.53,0.59,0.65,0.79,0.53,0.56,0.62,0.65,0.62,0.05,0.41,0.53,0.53,0.71,0.62,0.71,0.71,0.5,0.62,0.62,0.76,0.53,0.74,0.76,0.65,0.67,0.56,0.76,0.76,0.59,0.71,0.74,0.85,0.53,0.5
82,0.73,0.71,0.62,0.76,0.62,0.65,0.5,0.7,0.56,0.62,0.62,0.44,0.59,0.65,0.65,0.62,0.53,0.62,0.73,0.68,0.67,0.5,0.53,0.67,0.71,0.59,0.64,0.65,0.59,0.59,0.61,0.47,0.62,0.55,0.67,0.62,0.59,0.47,0.71,0.56,0.41,0.59,0.65,0.62,0.56,0.73,0.68,0.53,0.65,0.59,0.73,0.47,0.5,0.68,0.65,0.68,0.05,0.47,0.53,0.47,0.76,0.68,0.65,0.59,0.5,0.62,0.68,0.82,0.47,0.74,0.64,0.59,0.79,0.62,0.76,0.76,0.53,0.71,0.68,0.73,0.47,0.56
83,0.77,0.73,0.62,0.79,0.64,0.73,0.44,0.8,0.74,0.7,0.58,0.56,0.67,0.61,0.73,0.7,0.47,0.64,0.77,0.7,0.77,0.56,0.53,0.83,0.67,0.67,0.74,0.55,0.73,0.73,0.71,0.59,0.64,0.65,0.77,0.62,0.65,0.53,0.73,0.68,0.29,0.67,0.61,0.76,0.79,0.77,0.82,0.47,0.55,0.59,0.77,0.47,0.5,0.58,0.67,0.76,0.05,0.35,0.65,0.53,0.73,0.58,0.61,0.73,0.5,0.52,0.76,0.86,0.53,0.82,0.8,0.67,0.77,0.7,0.86,0.86,0.61,0.79,0.76,0.83,0.59,0.5
84,0.53,0.53,0.56,0.53,0.5,0.53,0.44,0.68,0.38,0.5,0.5,0.38,0.41,0.41,0.59,0.5,0.47,0.5,0.47,0.5,0.65,0.38,0.41,0.65,0.53,0.41,0.5,0.47,0.53,0.53,0.47,0.41,0.5,0.41,0.65,0.38,0.47,0.41,0.53,0.5,0.35,0.47,0.47,0.44,0.44,0.65,0.5,0.47,0.47,0.47,0.65,0.41,0.5,0.5,0.47,0.44,0.05,0.41,0.35,0.41,0.53,0.44,0.59,0.53,0.32,0.5,0.44,0.56,0.41,0.5,0.56,0.47,0.53,0.32,0.62,0.62,0.35,0.47,0.5,0.71,0.35,0.44
85,0.91,0.71,0.56,0.71,0.62,0.71,0.44,0.7,0.56,0.62,0.68,0.44,0.65,0.71,0.65,0.62,0.47,0.62,0.85,0.74,0.67,0.5,0.47,0.61,0.71,0.71,0.76,0.59,0.65,0.59,0.73,0.47,0.62,0.73,0.67,0.68,0.59,0.47,0.76,0.56,0.29,0.65,0.71,0.68,0.62,0.73,0.74,0.47,0.59,0.53,0.73,0.47,0.38,0.62,0.65,0.68,0.05,0.35,0.53,0.41,0.71,0.62,0.53,0.71,0.5,0.56,0.68,0.82,0.47,0.74,0.7,0.59,0.85,0.68,0.76,0.76,0.65,0.71,0.74,0.67,0.47,0.5
86,0.82,0.65,0.56,0.65,0.62,0.65,0.44,0.74,0.5,0.56,0.68,0.44,0.53,0.65,0.65,0.62,0.47,0.62,0.76,0.68,0.71,0.5,0.47,0.65,0.71,0.59,0.62,0.53,0.59,0.59,0.65,0.47,0.56,0.59,0.71,0.68,0.53,0.47,0.65,0.56,0.3,0.53,0.65,0.62,0.44,0.76,0.68,0.47,0.59,0.53,0.76,0.47,0.38,0.62,0.65,0.68,0.05,0.35,0.47,0.35,0.65,0.56,0.53,0.59,0.44,0.56,0.68,0.79,0.35,0.68,0.62,0.59,0.76,0.62,0.79,0.79,0.53,0.65,0.62,0.71,0.41,0.5
87,0.64,0.85,0.71,0.79,0.71,0.68,0.59,0.79,0.71,0.71,0.65,0.47,0.68,0.74,0.74,0.71,0.56,0.71,0.76,0.71,0.76,0.53,0.5,0.64,0.74,0.62,0.73,0.68,0.68,0.68,0.7,0.5,0.71,0.64,0.82,0.53,0.74,0.5,0.74,0.65,0.32,0.74,0.68,0.71,0.53,0.76,0.71,0.56,0.74,0.5,0.76,0.56,0.47,0.59,0.68,0.71,0.05,0.38,0.56,0.62,0.79,0.76,0.62,0.68,0.59,0.71,0.65,0.79,0.62,0.76,0.79,0.68,0.76,0.65,0.79,0.79,0.62,0.74,0.71,0.7,0.56,0.59
88,0.68,0.68,0.53,0.62,0.59,0.62,0.41,0.71,0.53,0.65,0.59,0.47,0.62,0.68,0.62,0.59,0.44,0.59,0.68,0.71,0.68,0.47,0.44,0.74,0.68,0.56,0.65,0.62,0.62,0.62,0.62,0.44,0.65,0.56,0.68,0.59,0.56,0.44,0.68,0.53,0.32,0.56,0.62,0.59,0.53,0.74,0.59,0.5,0.62,0.62,0.74,0.44,0.47,0.65,0.62,0.59,0.05,0.38,0.5,0.44,0.62,0.65,0.62,0.56,0.53,0.59,0.65,0.76,0.38,0.65,0.65,0.62,0.74,0.59,0.71,0.71,0.56,0.68,0.65,0.74,0.44,0.53
89,0.74,0.82,0.76,0.94,0.73,0.76,0.59,0.83,0.71,0.73,0.67,0.53,0.64,0.7,0.76,0.67,0.62,0.73,0.8,0.73,0.8,0.65,0.62,0.68,0.76,0.64,0.71,0.7,0.7,0.7,0.68,0.56,0.73,0.62,0.8,0.65,0.74,0.56,0.76,0.71,0.38,0.7,0.7,0.67,0.59,0.8,0.79,0.62,0.7,0.56,0.8,0.56,0.53,0.61,0.7,0.73,0.05,0.44,0.62,0.68,0.88,0.73,0.64,0.76,0.59,0.67,0.73,0.89,0.62,0.85,0.83,0.64,0.86,0.67,0.89,0.89,0.58,0.76,0.73,0.74,0.56,0.65
90,0.73,0.82,0.68,0.82,0.74,0.82,0.5,0.82,0.68,0.74,0.68,0.5,0.65,0.71,0.76,0.68,0.53,0.74,0.73,0.74,0.79,0.56,0.53,0.73,0.76,0.65,0.7,0.65,0.71,0.71,0.67,0.53,0.74,0.61,0.79,0.62,0.71,0.53,0.82,0.68,0.29,0.71,0.71,0.68,0.62,0.79,0.74,0.53,0.65,0.59,0.79,0.53,0.5,0.62,0.71,0.68,0.05,0.35,0.59,0.59,0.76,0.68,0.65,0.76,0.56,0.62,0.68,0.82,0.53,0.79,0.82,0.65,0.73,0.62,0.82,0.82,0.59,0.76,0.74,0.79,0.53,0.56
91,0.5,0.44,0.41,0.38,0.3,0.32,0.37,0.47,0.35,0.35,0.41,0.25,0.44,0.44,0.38,0.41,0.34,0.3,0.56,0.41,0.44,0.19,0.16,0.32,0.38,0.44,0.59,0.38,0.38,0.32,0.62,0.28,0.35,0.62,0.5,0.29,0.44,0.28,0.38,0.35,0.1,0.44,0.44,0.41,0.35,0.5,0.35,0.34,0.38,0.26,0.5,0.34,0.19,0.3,0.32,0.35,0.05,0.16,0.28,0.34,0.38,0.41,0.27,0.44,0.31,0.41,0.3,0.47,0.4,0.35,0.53,0.38,0.56,0.35,0.41,0.41,0.44,0.38,0.47,0.38,0.34,0.31
92,0.47,0.47,0.44,0.41,0.5,0.47,0.44,0.68,0.44,0.62,0.56,0.56,0.59,0.47,0.59,0.62,0.47,0.5,0.53,0.56,0.71,0.38,0.35,0.65,0.53,0.53,0.62,0.53,0.59,0.65,0.59,0.53,0.56,0.53,0.65,0.38,0.41,0.53,0.47,0.5,0.29,0.47,0.53,0.56,0.38,0.71,0.5,0.47,0.47,0.53,0.71,0.47,0.38,0.38,0.59,0.56,0.05,0.29,0.47,0.35,0.47,0.44,0.47,0.47,0.44,0.56,0.62,0.62,0.35,0.5,0.56,0.65,0.53,0.5,0.62,0.62,0.53,0.59,0.56,0.59,0.47,0.44
93,0.5,0.5,0.35,0.44,0.41,0.38,0.31,0.47,0.41,0.41,0.41,0.31,0.44,0.56,0.38,0.41,0.34,0.41,0.62,0.47,0.44,0.37,0.34,0.38,0.44,0.38,0.47,0.44,0.38,0.38,0.5,0.28,0.41,0.44,0.5,0.47,0.44,0.28,0.44,0.35,0.16,0.38,0.44,0.41,0.23,0.5,0.41,0.34,0.44,0.38,0.5,0.34,0.19,0.35,0.44,0.47,0.05,0.22,0.34,0.34,0.5,0.47,0.32,0.32,0.49,0.41,0.47,0.59,0.28,0.47,0.47,0.44,0.62,0.53,0.53,0.53,0.44,0.44,0.41,0.38,0.34,0.37
94,0.73,0.82,0.74,0.82,0.74,0.76,0.56,0.82,0.68,0.74,0.68,0.5,0.65,0.71,0.76,0.68,0.59,0.74,0.73,0.74,0.79,0.56,0.59,0.73,0.76,0.65,0.7,0.71,0.71,0.71,0.67,0.53,0.74,0.61,0.79,0.62,0.71,0.53,0.82,0.68,0.35,0.71,0.71,0.68,0.62,0.79,0.74,0.59,0.71,0.59,0.79,0.53,0.56,0.68,0.71,0.68,0.05,0.41,0.59,0.59,0.82,0.74,0.71,0.71,0.56,0.68,0.68,0.82,0.59,0.79,0.76,0.65,0.79,0.62,0.82,0.82,0.59,0.76,0.74,0.79,0.53,0.62
95,0.76,0.79,0.65,0.85,0.71,0.79,0.47,0.79,0.65,0.71,0.65,0.47,0.62,0.68,0.74,0.65,0.5,0.71,0.76,0.71,0.76,0.59,0.56,0.7,0.74,0.62,0.67,0.62,0.68,0.68,0.64,0.5,0.71,0.58,0.76,0.65,0.68,0.5,0.79,0.65,0.26,0.68,0.68,0.65,0.59,0.76,0.76,0.5,0.62,0.56,0.76,0.5,0.47,0.59,0.68,0.71,0.05,0.32,0.56,0.56,0.79,0.65,0.62,0.74,0.53,0.59,0.71,0.85,0.5,0.82,0.79,0.62,0.76,0.65,0.85,0.85,0.56,0.74,0.71,0.76,0.5,0.53
96,0.76,0.79,0.77,0.79,0.76,0.79,0.59,0.85,0.65,0.71,0.71,0.53,0.62,0.68,0.79,0.71,0.62,0.76,0.7,0.76,0.82,0.59,0.62,0.76,0.79,0.62,0.67,0.68,0.74,0.74,0.64,0.56,0.71,0.58,0.82,0.65,0.68,0.56,0.79,0.71,0.38,0.68,0.68,0.71,0.59,0.82,0.76,0.62,0.74,0.62,0.82,0.56,0.59,0.71,0.74,0.71,0.05,0.44,0.56,0.56,0.79,0.71,0.74,0.74,0.53,0.71,0.71,0.79,0.56,0.76,0.73,0.68,0.76,0.59,0.85,0.85,0.56,0.74,0.71,0.82,0.5,0.65
97,0.92,0.82,0.71,0.82,0.73,0.82,0.53,0.83,0.71,0.73,0.67,0.53,0.7,0.7,0.76,0.67,0.56,0.73,0.86,0.79,0.8,0.65,0.62,0.74,0.76,0.7,0.83,0.64,0.76,0.7,0.74,0.56,0.73,0.74,0.8,0.71,0.74,0.56,0.88,0.71,0.32,0.76,0.7,0.73,0.76,0.8,0.85,0.56,0.64,0.62,0.8,0.56,0.53,0.61,0.7,0.73,0.05,0.38,0.62,0.56,0.82,0.67,0.64,0.82,0.59,0.61,0.73,0.89,0.62,0.85,0.83,0.64,0.86,0.67,0.89,0.89,0.64,0.76,0.79,0.8,0.56,0.59
98,0.8,0.88,0.76,0.76,0.79,0.76,0.65,0.89,0.76,0.79,0.73,0.65,0.82,0.82,0.82,0.79,0.62,0.79,0.8,0.91,0.86,0.71,0.62,0.8,0.82,0.7,0.83,0.7,0.88,0.82,0.74,0.62,0.79,0.74,0.92,0.71,0.79,0.62,0.76,0.76,0.38,0.82,0.7,0.85,0.65,0.86,0.85,0.68,0.82,0.68,0.86,0.68,0.59,0.67,0.76,0.79,0.05,0.44,0.62,0.68,0.76,0.79,0.7,0.82,0.71,0.79,0.79,0.83,0.68,0.79,0.89,0.82,0.86,0.73,0.89,0.89,0.76,0.76,0.79,0.8,0.62,0.71
99,0.95,0.79,0.68,0.79,0.7,0.79,0.56,0.8,0.68,0.7,0.7,0.56,0.73,0.73,0.73,0.7,0.59,0.7,0.89,0.82,0.77,0.62,0.59,0.71,0.79,0.73,0.86,0.67,0.73,0.67,0.77,0.59,0.7,0.77,0.77,0.74,0.71,0.59,0.85,0.68,0.35,0.73,0.73,0.76,0.74,0.83,0.82,0.59,0.67,0.65,0.83,0.59,0.5,0.64,0.73,0.76,0.05,0.41,0.65,0.53,0.79,0.7,0.61,0.79,0.62,0.64,0.76,0.92,0.59,0.82,0.8,0.67,0.89,0.7,0.86,0.86,0.67,0.79,0.82,0.77,0.59,0.62
100,0.92,0.76,0.65,0.76,0.67,0.76,0.53,0.77,0.65,0.67,0.67,0.53,0.7,0.7,0.7,0.67,0.56,0.67,0.86,0.79,0.74,0.59,0.56,0.74,0.76,0.7,0.83,0.64,0.7,0.64,0.74,0.56,0.67,0.74,0.74,0.71,0.68,0.56,0.82,0.65,0.38,0.7,0.7,0.73,0.76,0.8,0.79,0.56,0.64,0.68,0.8,0.56,0.53,0.67,0.7,0.73,0.05,0.44,0.62,0.5,0.76,0.67,0.64,0.76,0.59,0.61,0.73,0.89,0.56,0.79,0.77,0.64,0.86,0.67,0.83,0.83,0.64,0.76,0.79,0.8,0.56,0.59
101,0.61,0.65,0.62,0.65,0.56,0.53,0.56,0.7,0.5,0.74,0.79,0.5,0.71,0.71,0.65,0.62,0.53,0.56,0.67,0.68,0.73,0.44,0.41,0.61,0.65,0.76,0.7,0.71,0.65,0.65,0.67,0.47,0.74,0.73,0.67,0.56,0.59,0.53,0.59,0.56,0.47,0.71,0.82,0.56,0.44,0.73,0.56,0.59,0.65,0.59,0.73,0.53,0.5,0.62,0.59,0.56,0.05,0.47,0.47,0.53,0.65,0.68,0.59,0.59,0.5,0.74,0.62,0.7,0.53,0.62,0.7,0.65,0.79,0.62,0.64,0.64,0.76,0.65,0.68,0.61,0.47,0.56
102,0.74,0.74,0.53,0.68,0.59,0.56,0.47,0.71,0.59,0.59,0.59,0.41,0.68,0.68,0.62,0.65,0.44,0.59,0.79,0.71,0.68,0.47,0.38,0.56,0.68,0.62,0.76,0.56,0.62,0.56,0.68,0.44,0.59,0.68,0.74,0.53,0.62,0.44,0.62,0.53,0.15,0.68,0.62,0.71,0.47,0.74,0.71,0.44,0.62,0.44,0.74,0.5,0.3,0.47,0.62,0.71,0.05,0.21,0.5,0.44,0.68,0.65,0.44,0.62,0.53,0.59,0.65,0.82,0.5,0.71,0.76,0.62,0.79,0.65,0.76,0.76,0.62,0.68,0.71,0.62,0.5,0.47
103,0.68,0.62,0.53,0.68,0.59,0.68,0.35,0.65,0.47,0.53,0.47,0.3,0.44,0.5,0.56,0.47,0.44,0.59,0.68,0.53,0.62,0.41,0.5,0.62,0.56,0.44,0.59,0.56,0.5,0.5,0.56,0.32,0.53,0.5,0.62,0.47,0.5,0.32,0.74,0.47,0.27,0.5,0.5,0.47,0.53,0.62,0.59,0.38,0.5,0.5,0.62,0.32,0.41,0.53,0.56,0.53,0.05,0.32,0.38,0.38,0.74,0.53,0.62,0.56,0.41,0.47,0.53,0.71,0.38,0.65,0.59,0.44,0.68,0.47,0.71,0.71,0.38,0.56,0.53,0.68,0.32,0.41
104,0.79,0.71,0.68,0.76,0.79,0.76,0.5,0.76,0.56,0.62,0.62,0.44,0.53,0.59,0.71,0.62,0.59,0.79,0.67,0.68,0.73,0.56,0.71,0.67,0.76,0.53,0.58,0.65,0.65,0.65,0.55,0.47,0.62,0.49,0.73,0.62,0.59,0.47,0.76,0.62,0.35,0.59,0.59,0.62,0.5,0.73,0.74,0.53,0.71,0.59,0.73,0.47,0.5,0.68,0.71,0.68,0.05,0.47,0.47,0.47,0.82,0.62,0.71,0.65,0.5,0.62,0.68,0.76,0.47,0.74,0.64,0.59,0.73,0.56,0.82,0.82,0.47,0.65,0.62,0.79,0.41,0.56
105,0.85,0.76,0.62,0.76,0.68,0.71,0.5,0.76,0.62,0.68,0.68,0.5,0.71,0.71,0.71,0.68,0.53,0.68,0.85,0.79,0.73,0.56,0.47,0.61,0.76,0.71,0.82,0.65,0.71,0.65,0.73,0.53,0.68,0.73,0.73,0.62,0.65,0.53,0.76,0.62,0.24,0.71,0.71,0.74,0.62,0.79,0.79,0.53,0.65,0.53,0.79,0.53,0.38,0.56,0.71,0.74,0.05,0.29,0.59,0.47,0.76,0.68,0.53,0.76,0.56,0.62,0.74,0.88,0.53,0.79,0.76,0.65,0.85,0.68,0.82,0.82,0.65,0.76,0.79,0.67,0.53,0.56
106,0.56,0.5,0.47,0.44,0.65,0.5,0.41,0.71,0.41,0.53,0.53,0.47,0.5,0.44,0.62,0.59,0.5,0.65,0.56,0.53,0.68,0.35,0.38,0.56,0.62,0.5,0.59,0.56,0.56,0.56,0.56,0.5,0.47,0.5,0.68,0.35,0.44,0.5,0.5,0.53,0.26,0.44,0.5,0.53,0.35,0.74,0.53,0.44,0.5,0.44,0.74,0.44,0.29,0.41,0.68,0.53,0.05,0.38,0.44,0.32,0.5,0.41,0.5,0.5,0.41,0.47,0.53,0.65,0.32,0.53,0.53,0.56,0.5,0.41,0.65,0.65,0.44,0.56,0.59,0.68,0.44,0.41
107,0.89,0.85,0.74,0.85,0.76,0.79,0.56,0.86,0.74,0.76,0.7,0.56,0.73,0.73,0.79,0.7,0.59,0.76,0.89,0.82,0.83,0.68,0.59,0.71,0.79,0.73,0.86,0.67,0.79,0.73,0.77,0.59,0.76,0.77,0.83,0.68,0.76,0.59,0.85,0.74,0.29,0.79,0.73,0.76,0.74,0.83,0.88,0.59,0.67,0.59,0.83,0.59,0.5,0.58,0.73,0.76,0.05,0.35,0.65,0.59,0.85,0.7,0.61,0.85,0.62,0.64,0.76,0.92,0.65,0.88,0.86,0.67,0.89,0.7,0.92,0.92,0.67,0.79,0.82,0.77,0.59,0.62
108,0.83,0.79,0.74,0.85,0.7,0.73,0.56,0.8,0.68,0.7,0.64,0.5,0.67,0.67,0.73,0.64,0.59,0.7,0.77,0.76,0.77,0.62,0.65,0.77,0.73,0.67,0.74,0.67,0.73,0.67,0.65,0.53,0.7,0.65,0.77,0.68,0.71,0.53,0.79,0.68,0.41,0.73,0.67,0.7,0.74,0.77,0.82,0.59,0.67,0.65,0.77,0.53,0.62,0.7,0.67,0.7,0.05,0.47,0.59,0.59,0.85,0.7,0.73,0.73,0.56,0.64,0.7,0.86,0.65,0.82,0.8,0.61,0.89,0.64,0.86,0.86,0.61,0.73,0.76,0.83,0.53,0.62
109,0.89,0.85,0.74,0.85,0.76,0.79,0.56,0.86,0.74,0.76,0.7,0.56,0.73,0.73,0.79,0.7,0.59,0.76,0.89,0.82,0.83,0.68,0.59,0.71,0.79,0.73,0.86,0.67,0.79,0.73,0.77,0.59,0.76,0.77,0.83,0.68,0.76,0.59,0.85,0.74,0.29,0.79,0.73,0.76,0.74,0.83,0.88,0.59,0.67,0.59,0.83,0.59,0.5,0.58,0.73,0.76,0.05,0.35,0.65,0.59,0.85,0.7,0.61,0.85,0.62,0.64,0.76,0.92,0.65,0.88,0.86,0.67,0.89,0.7,0.92,0.92,0.67,0.79,0.82,0.77,0.59,0.62
110,0.74,0.62,0.53,0.56,0.59,0.68,0.35,0.76,0.53,0.59,0.53,0.41,0.56,0.5,0.68,0.59,0.38,0.59,0.68,0.65,0.74,0.41,0.38,0.74,0.62,0.56,0.71,0.44,0.68,0.62,0.62,0.44,0.53,0.62,0.74,0.47,0.5,0.44,0.68,0.59,0.21,0.56,0.5,0.65,0.65,0.74,0.71,0.38,0.5,0.5,0.74,0.38,0.41,0.53,0.62,0.59,0.05,0.27,0.44,0.32,0.56,0.47,0.56,0.68,0.35,0.47,0.59,0.71,0.38,0.65,0.65,0.56,0.62,0.47,0.76,0.76,0.5,0.62,0.65,0.79,0.38,0.41
111,0.76,0.79,0.59,0.68,0.65,0.62,0.53,0.73,0.65,0.71,0.71,0.53,0.79,0.85,0.68,0.71,0.5,0.65,0.82,0.82,0.7,0.53,0.44,0.64,0.74,0.74,0.79,0.68,0.74,0.68,0.76,0.5,0.71,0.76,0.76,0.65,0.68,0.5,0.68,0.59,0.32,0.74,0.74,0.76,0.53,0.76,0.71,0.56,0.74,0.56,0.76,0.56,0.41,0.65,0.68,0.71,0.05,0.38,0.56,0.56,0.68,0.76,0.56,0.68,0.65,0.71,0.71,0.79,0.56,0.71,0.79,0.74,0.88,0.76,0.73,0.73,0.79,0.74,0.76,0.64,0.56,0.59
112,0.76,0.85,0.71,0.79,0.76,0.79,0.53,0.85,0.71,0.76,0.71,0.53,0.68,0.74,0.79,0.71,0.56,0.76,0.76,0.76,0.82,0.59,0.56,0.76,0.79,0.68,0.73,0.68,0.74,0.74,0.7,0.56,0.76,0.64,0.82,0.65,0.74,0.56,0.85,0.71,0.32,0.74,0.74,0.71,0.65,0.82,0.76,0.56,0.68,0.62,0.82,0.56,0.53,0.65,0.74,0.71,0.05,0.38,0.62,0.56,0.79,0.71,0.68,0.74,0.59,0.65,0.71,0.85,0.56,0.82,0.79,0.68,0.76,0.65,0.85,0.85,0.62,0.79,0.76,0.82,0.56,0.59
113,0.64,0.85,0.65,0.74,0.76,0.74,0.53,0.85,0.77,0.76,0.65,0.53,0.74,0.74,0.79,0.76,0.56,0.76,0.82,0.71,0.82,0.53,0.5,0.7,0.74,0.68,0.79,0.68,0.74,0.74,0.76,0.56,0.71,0.7,0.88,0.53,0.74,0.56,0.79,0.71,0.26,0.74,0.68,0.76,0.59,0.82,0.76,0.5,0.68,0.56,0.82,0.56,0.41,0.53,0.79,0.76,0.05,0.32,0.62,0.56,0.79,0.71,0.62,0.68,0.65,0.65,0.71,0.85,0.56,0.82,0.79,0.74,0.7,0.71,0.85,0.85,0.68,0.79,0.76,0.76,0.62,0.53
114,0.59,0.65,0.5,0.53,0.5,0.53,0.44,0.68,0.5,0.56,0.5,0.38,0.59,0.53,0.59,0.56,0.41,0.5,0.65,0.56,0.65,0.38,0.29,0.53,0.53,0.53,0.74,0.47,0.59,0.53,0.65,0.41,0.56,0.65,0.71,0.32,0.59,0.41,0.59,0.5,0.11,0.65,0.53,0.56,0.5,0.65,0.56,0.41,0.47,0.35,0.65,0.47,0.32,0.32,0.47,0.5,0.05,0.17,0.41,0.47,0.53,0.5,0.41,0.65,0.44,0.5,0.44,0.62,0.53,0.56,0.74,0.53,0.59,0.44,0.62,0.62,0.53,0.53,0.62,0.59,0.47,0.38
115,0.59,0.59,0.44,0.59,0.44,0.47,0.38,0.56,0.44,0.44,0.38,0.26,0.47,0.47,0.47,0.44,0.35,0.44,0.65,0.5,0.53,0.38,0.35,0.41,0.47,0.41,0.62,0.41,0.47,0.41,0.53,0.29,0.44,0.53,0.59,0.32,0.47,0.29,0.53,0.38,0.11,0.53,0.41,0.5,0.38,0.53,0.56,0.35,0.47,0.24,0.53,0.35,0.26,0.32,0.41,0.5,0.05,0.17,0.35,0.41,0.59,0.5,0.35,0.53,0.38,0.44,0.44,0.62,0.47,0.56,0.62,0.41,0.65,0.44,0.62,0.62,0.41,0.47,0.5,0.47,0.35,0.38
116,0.79,0.76,0.56,0.71,0.62,0.65,0.5,0.76,0.68,0.68,0.62,0.5,0.76,0.71,0.71,0.74,0.47,0.62,0.91,0.74,0.73,0.5,0.41,0.61,0.71,0.71,0.88,0.59,0.71,0.65,0.79,0.53,0.62,0.79,0.79,0.56,0.65,0.53,0.71,0.62,0.18,0.71,0.65,0.79,0.62,0.79,0.79,0.47,0.65,0.47,0.79,0.53,0.32,0.5,0.71,0.79,0.05,0.24,0.59,0.47,0.71,0.68,0.47,0.71,0.56,0.62,0.74,0.88,0.53,0.79,0.76,0.71,0.79,0.74,0.82,0.82,0.71,0.76,0.79,0.67,0.59,0.5
117,0.65,0.71,0.62,0.71,0.62,0.65,0.44,0.74,0.56,0.62,0.56,0.38,0.53,0.59,0.65,0.56,0.47,0.62,0.65,0.62,0.71,0.44,0.47,0.71,0.65,0.53,0.62,0.59,0.59,0.59,0.59,0.41,0.62,0.53,0.71,0.5,0.59,0.41,0.71,0.56,0.3,0.59,0.59,0.56,0.56,0.71,0.62,0.47,0.59,0.53,0.71,0.41,0.5,0.62,0.59,0.56,0.05,0.35,0.47,0.47,0.71,0.62,0.65,0.59,0.44,0.56,0.56,0.74,0.47,0.68,0.68,0.53,0.71,0.5,0.74,0.74,0.47,0.65,0.62,0.76,0.41,0.5
118,0.68,0.68,0.59,0.62,0.59,0.62,0.41,0.82,0.59,0.71,0.59,0.47,0.68,0.56,0.74,0.65,0.44,0.59,0.74,0.65,0.79,0.41,0.32,0.68,0.62,0.68,0.82,0.56,0.74,0.68,0.74,0.5,0.65,0.74,0.79,0.41,0.62,0.5,0.68,0.65,0.15,0.68,0.62,0.65,0.65,0.79,0.71,0.44,0.5,0.44,0.79,0.44,0.35,0.41,0.62,0.59,0.05,0.21,0.5,0.44,0.62,0.53,0.5,0.74,0.41,0.53,0.59,0.76,0.5,0.71,0.76,0.62,0.68,0.53,0.76,0.76,0.62,0.68,0.77,0.74,0.5,0.41
119,0.65,0.65,0.62,0.65,0.56,0.59,0.44,0.74,0.5,0.62,0.56,0.38,0.59,0.53,0.65,0.56,0.47,0.56,0.59,0.62,0.71,0.38,0.41,0.71,0.59,0.59,0.68,0.59,0.65,0.59,0.59,0.41,0.62,0.59,0.71,0.44,0.59,0.41,0.65,0.56,0.3,0.65,0.59,0.56,0.62,0.71,0.62,0.47,0.53,0.53,0.71,0.41,0.5,0.56,0.53,0.5,0.05,0.35,0.41,0.47,0.65,0.56,0.65,0.65,0.38,0.56,0.5,0.68,0.53,0.62,0.74,0.53,0.71,0.44,0.68,0.68,0.53,0.59,0.68,0.76,0.41,0.44
120,0.5,0.62,0.41,0.62,0.47,0.5,0.35,0.65,0.59,0.53,0.41,0.41,0.5,0.5,0.56,0.59,0.32,0.47,0.68,0.47,0.62,0.41,0.32,0.56,0.5,0.44,0.59,0.38,0.5,0.56,0.62,0.44,0.47,0.5,0.68,0.35,0.5,0.38,0.5,0.47,0.05,0.5,0.44,0.59,0.41,0.62,0.59,0.32,0.44,0.27,0.62,0.38,0.23,0.29,0.5,0.65,0.05,0.08,0.5,0.44,0.56,0.47,0.32,0.5,0.41,0.41,0.59,0.71,0.38,0.65,0.65,0.56,0.56,0.59,0.71,0.71,0.44,0.62,0.53,0.56,0.5,0.35
121,0.89,0.67,0.62,0.73,0.58,0.67,0.5,0.68,0.56,0.58,0.64,0.44,0.61,0.67,0.61,0.58,0.53,0.58,0.83,0.7,0.65,0.5,0.53,0.65,0.67,0.67,0.74,0.61,0.61,0.55,0.71,0.47,0.58,0.71,0.65,0.68,0.59,0.47,0.73,0.56,0.47,0.61,0.67,0.64,0.68,0.71,0.7,0.53,0.61,0.59,0.71,0.47,0.5,0.7,0.61,0.64,0.05,0.53,0.53,0.47,0.73,0.64,0.61,0.67,0.5,0.58,0.64,0.8,0.53,0.7,0.68,0.55,0.89,0.64,0.74,0.74,0.61,0.67,0.7,0.71,0.47,0.56
122,0.56,0.5,0.47,0.5,0.41,0.5,0.35,0.59,0.35,0.47,0.41,0.29,0.44,0.38,0.5,0.41,0.38,0.41,0.5,0.47,0.56,0.29,0.32,0.56,0.44,0.44,0.59,0.44,0.5,0.44,0.5,0.32,0.47,0.5,0.56,0.3,0.44,0.32,0.56,0.41,0.26,0.5,0.44,0.41,0.53,0.56,0.47,0.38,0.38,0.38,0.56,0.32,0.41,0.41,0.38,0.35,0.05,0.32,0.32,0.38,0.5,0.41,0.5,0.56,0.29,0.41,0.35,0.53,0.44,0.47,0.59,0.38,0.56,0.29,0.53,0.53,0.38,0.44,0.53,0.62,0.32,0.35
123,0.74,0.82,0.71,0.82,0.67,0.64,0.59,0.77,0.71,0.73,0.61,0.53,0.76,0.76,0.7,0.67,0.56,0.67,0.8,0.79,0.74,0.65,0.62,0.68,0.7,0.64,0.77,0.7,0.76,0.7,0.68,0.5,0.73,0.68,0.8,0.65,0.74,0.5,0.7,0.65,0.38,0.76,0.64,0.73,0.59,0.74,0.79,0.62,0.76,0.56,0.74,0.56,0.53,0.61,0.64,0.73,0.05,0.44,0.56,0.68,0.82,0.79,0.64,0.7,0.65,0.73,0.73,0.83,0.68,0.79,0.83,0.7,0.92,0.73,0.83,0.83,0.7,0.7,0.73,0.68,0.56,0.65
124,0.73,0.76,0.68,0.76,0.68,0.65,0.56,0.76,0.62,0.68,0.74,0.5,0.65,0.76,0.71,0.68,0.59,0.68,0.79,0.74,0.73,0.5,0.47,0.61,0.76,0.71,0.7,0.71,0.65,0.65,0.73,0.53,0.68,0.67,0.73,0.62,0.65,0.53,0.71,0.62,0.41,0.65,0.76,0.68,0.5,0.79,0.68,0.59,0.71,0.53,0.79,0.53,0.44,0.68,0.71,0.68,0.05,0.47,0.59,0.53,0.76,0.74,0.59,0.65,0.56,0.68,0.68,0.82,0.53,0.74,0.7,0.65,0.85,0.68,0.76,0.76,0.65,0.76,0.74,0.67,0.53,0.62
125,0.86,0.82,0.65,0.76,0.67,0.64,0.59,0.77,0.71,0.73,0.73,0.59,0.82,0.88,0.7,0.73,0.56,0.67,0.92,0.85,0.74,0.65,0.56,0.68,0.76,0.76,0.83,0.7,0.76,0.7,0.8,0.56,0.73,0.8,0.8,0.76,0.74,0.56,0.7,0.65,0.38,0.76,0.76,0.79,0.59,0.8,0.79,0.62,0.76,0.62,0.8,0.62,0.47,0.67,0.7,0.79,0.05,0.44,0.62,0.62,0.76,0.79,0.58,0.7,0.71,0.73,0.79,0.89,0.62,0.79,0.83,0.76,0.98,0.85,0.83,0.83,0.82,0.76,0.79,0.68,0.62,0.65
126,0.73,0.82,0.68,0.82,0.68,0.71,0.56,0.76,0.68,0.68,0.62,0.44,0.65,0.71,0.71,0.68,0.53,0.68,0.85,0.68,0.73,0.56,0.53,0.61,0.71,0.59,0.76,0.65,0.65,0.65,0.73,0.47,0.68,0.67,0.79,0.56,0.71,0.47,0.76,0.62,0.24,0.71,0.65,0.68,0.56,0.73,0.74,0.53,0.71,0.47,0.73,0.53,0.44,0.56,0.65,0.74,0.05,0.29,0.53,0.59,0.82,0.74,0.59,0.71,0.56,0.68,0.68,0.82,0.59,0.79,0.76,0.65,0.79,0.68,0.82,0.82,0.59,0.71,0.68,0.67,0.53,0.56
127,0.62,0.74,0.59,0.68,0.65,0.62,0.41,0.82,0.71,0.71,0.59,0.53,0.62,0.62,0.74,0.71,0.44,0.65,0.74,0.65,0.79,0.47,0.38,0.74,0.68,0.62,0.71,0.56,0.68,0.74,0.74,0.56,0.65,0.62,0.79,0.47,0.62,0.5,0.68,0.65,0.15,0.62,0.62,0.71,0.59,0.79,0.71,0.44,0.56,0.44,0.79,0.44,0.35,0.47,0.68,0.71,0.05,0.21,0.62,0.44,0.68,0.59,0.5,0.62,0.47,0.53,0.71,0.82,0.44,0.77,0.71,0.68,0.68,0.65,0.82,0.82,0.56,0.8,0.71,0.74,0.56,0.47
128,0.73,0.82,0.68,0.82,0.74,0.71,0.5,0.88,0.74,0.79,0.68,0.56,0.71,0.71,0.82,0.74,0.53,0.74,0.85,0.74,0.85,0.62,0.53,0.73,0.76,0.71,0.76,0.65,0.76,0.76,0.73,0.59,0.74,0.67,0.85,0.62,0.71,0.59,0.76,0.74,0.24,0.71,0.71,0.74,0.62,0.85,0.85,0.53,0.65,0.53,0.85,0.53,0.44,0.56,0.76,0.79,0.05,0.29,0.65,0.53,0.82,0.68,0.59,0.71,0.56,0.62,0.79,0.94,0.53,0.91,0.76,0.71,0.79,0.74,0.94,0.94,0.65,0.82,0.79,0.79,0.59,0.56
129,0.83,0.85,0.74,0.85,0.76,0.79,0.62,0.86,0.74,0.7,0.7,0.56,0.73,0.73,0.79,0.76,0.59,0.76,0.83,0.82,0.83,0.68,0.59,0.71,0.79,0.67,0.8,0.61,0.79,0.73,0.71,0.59,0.7,0.71,0.89,0.68,0.76,0.59,0.73,0.74,0.29,0.79,0.67,0.82,0.62,0.83,0.88,0.59,0.73,0.59,0.83,0.65,0.5,0.58,0.73,0.82,0.05,0.35,0.59,0.65,0.79,0.7,0.61,0.85,0.62,0.7,0.76,0.86,0.65,0.82,0.92,0.73,0.83,0.7,0.92,0.92,0.67,0.73,0.76,0.77,0.59,0.62
130,0.8,0.76,0.65,0.7,0.67,0.7,0.53,0.83,0.71,0.73,0.67,0.59,0.76,0.7,0.76,0.73,0.56,0.67,0.8,0.79,0.8,0.53,0.5,0.86,0.76,0.76,0.83,0.64,0.76,0.7,0.74,0.62,0.67,0.74,0.8,0.65,0.68,0.62,0.76,0.71,0.38,0.7,0.7,0.79,0.76,0.86,0.79,0.56,0.64,0.68,0.86,0.56,0.53,0.67,0.76,0.73,0.05,0.44,0.68,0.5,0.7,0.67,0.64,0.7,0.59,0.61,0.73,0.89,0.56,0.79,0.77,0.7,0.8,0.67,0.83,0.83,0.7,0.82,0.85,0.86,0.62,0.59
131,0.59,0.59,0.56,0.65,0.62,0.71,0.38,0.68,0.44,0.5,0.5,0.32,0.41,0.47,0.59,0.5,0.47,0.62,0.53,0.56,0.65,0.38,0.47,0.71,0.59,0.41,0.5,0.53,0.53,0.53,0.47,0.35,0.5,0.41,0.65,0.44,0.47,0.35,0.65,0.5,0.3,0.47,0.47,0.5,0.44,0.65,0.56,0.41,0.53,0.53,0.65,0.35,0.44,0.56,0.59,0.5,0.05,0.35,0.35,0.41,0.65,0.5,0.65,0.59,0.38,0.5,0.5,0.62,0.35,0.56,0.62,0.47,0.59,0.38,0.68,0.68,0.35,0.53,0.5,0.71,0.3,0.44
132,0.62,0.68,0.59,0.62,0.65,0.62,0.47,0.77,0.53,0.59,0.59,0.47,0.5,0.56,0.68,0.59,0.5,0.65,0.62,0.65,0.74,0.53,0.44,0.62,0.68,0.5,0.59,0.5,0.62,0.62,0.56,0.5,0.59,0.5,0.74,0.47,0.56,0.5,0.62,0.59,0.2,0.56,0.56,0.59,0.41,0.74,0.65,0.5,0.56,0.44,0.74,0.5,0.41,0.47,0.62,0.59,0.05,0.26,0.5,0.44,0.62,0.53,0.5,0.62,0.47,0.53,0.59,0.71,0.44,0.65,0.65,0.56,0.62,0.47,0.77,0.77,0.44,0.62,0.59,0.68,0.44,0.53
133,0.83,0.91,0.74,0.85,0.76,0.73,0.62,0.86,0.79,0.76,0.7,0.56,0.79,0.79,0.79,0.76,0.59,0.76,0.89,0.82,0.83,0.68,0.59,0.71,0.79,0.73,0.86,0.67,0.79,0.73,0.77,0.59,0.76,0.77,0.89,0.68,0.82,0.59,0.79,0.74,0.29,0.85,0.73,0.82,0.68,0.83,0.88,0.59,0.73,0.59,0.83,0.65,0.5,0.58,0.73,0.82,0.05,0.35,0.65,0.65,0.85,0.76,0.61,0.79,0.68,0.7,0.76,0.92,0.71,0.88,0.92,0.73,0.89,0.76,0.92,0.92,0.73,0.79,0.82,0.77,0.65,0.62
134,0.56,0.5,0.47,0.5,0.47,0.5,0.41,0.59,0.35,0.41,0.47,0.35,0.38,0.44,0.5,0.47,0.44,0.47,0.5,0.53,0.56,0.35,0.38,0.62,0.56,0.38,0.47,0.44,0.44,0.44,0.44,0.38,0.41,0.38,0.56,0.41,0.38,0.38,0.5,0.41,0.32,0.38,0.44,0.47,0.35,0.62,0.47,0.44,0.5,0.44,0.62,0.38,0.41,0.53,0.5,0.47,0.05,0.38,0.38,0.32,0.5,0.47,0.5,0.44,0.35,0.47,0.47,0.59,0.32,0.47,0.47,0.44,0.56,0.35,0.59,0.59,0.32,0.5,0.47,0.62,0.32,0.47
135,0.85,0.76,0.62,0.71,0.68,0.71,0.5,0.76,0.62,0.68,0.74,0.5,0.71,0.76,0.71,0.68,0.53,0.68,0.79,0.79,0.73,0.5,0.47,0.67,0.76,0.76,0.76,0.65,0.71,0.65,0.73,0.53,0.68,0.73,0.73,0.68,0.65,0.53,0.76,0.62,0.35,0.71,0.76,0.74,0.62,0.79,0.74,0.53,0.65,0.59,0.79,0.53,0.44,0.68,0.71,0.68,0.05,0.41,0.59,0.47,0.71,0.68,0.59,0.71,0.56,0.62,0.68,0.82,0.53,0.74,0.76,0.65,0.85,0.68,0.76,0.76,0.71,0.76,0.79,0.73,0.53,0.56
136,0.95,0.73,0.68,0.79,0.64,0.73,0.56,0.74,0.62,0.64,0.7,0.5,0.67,0.73,0.67,0.64,0.59,0.64,0.89,0.76,0.71,0.56,0.59,0.65,0.73,0.73,0.8,0.67,0.67,0.61,0.77,0.53,0.64,0.77,0.71,0.74,0.65,0.53,0.79,0.62,0.41,0.67,0.73,0.7,0.68,0.77,0.76,0.59,0.67,0.59,0.77,0.53,0.5,0.7,0.67,0.7,0.05,0.47,0.59,0.53,0.79,0.7,0.61,0.73,0.56,0.64,0.7,0.86,0.59,0.76,0.74,0.61,0.95,0.7,0.8,0.8,0.67,0.73,0.76,0.71,0.53,0.62
137,0.5,0.44,0.41,0.56,0.35,0.44,0.25,0.47,0.35,0.35,0.3,0.19,0.32,0.32,0.38,0.3,0.28,0.35,0.44,0.41,0.44,0.31,0.34,0.44,0.38,0.32,0.41,0.32,0.38,0.32,0.32,0.22,0.35,0.32,0.44,0.35,0.38,0.22,0.44,0.35,0.1,0.38,0.32,0.35,0.41,0.44,0.47,0.28,0.32,0.32,0.44,0.22,0.31,0.35,0.32,0.35,0.05,0.16,0.28,0.34,0.5,0.35,0.38,0.44,0.25,0.3,0.35,0.53,0.34,0.47,0.53,0.27,0.56,0.3,0.53,0.53,0.27,0.38,0.41,0.5,0.22,0.31
138,0.79,0.71,0.56,0.71,0.62,0.65,0.44,0.76,0.68,0.68,0.68,0.56,0.65,0.71,0.71,0.74,0.47,0.62,0.85,0.68,0.73,0.5,0.47,0.73,0.71,0.71,0.7,0.59,0.65,0.71,0.79,0.59,0.62,0.67,0.73,0.68,0.59,0.53,0.71,0.62,0.29,0.59,0.71,0.74,0.62,0.79,0.74,0.47,0.59,0.53,0.79,0.47,0.38,0.62,0.71,0.79,0.05,0.35,0.65,0.41,0.71,0.62,0.53,0.59,0.5,0.56,0.79,0.88,0.41,0.79,0.64,0.71,0.79,0.79,0.82,0.82,0.65,0.82,0.74,0.73,0.59,0.5
139,0.89,0.79,0.68,0.79,0.7,0.73,0.56,0.8,0.68,0.7,0.76,0.56,0.67,0.79,0.73,0.7,0.59,0.7,0.89,0.76,0.77,0.62,0.59,0.71,0.79,0.73,0.74,0.67,0.67,0.67,0.83,0.59,0.7,0.77,0.77,0.79,0.71,0.59,0.79,0.68,0.41,0.67,0.79,0.7,0.62,0.83,0.76,0.59,0.67,0.65,0.83,0.59,0.5,0.7,0.73,0.76,0.05,0.47,0.65,0.53,0.79,0.7,0.61,0.67,0.62,0.64,0.76,0.92,0.53,0.82,0.74,0.67,0.89,0.76,0.86,0.86,0.67,0.79,0.76,0.77,0.59,0.62
140,0.7,0.79,0.59,0.74,0.65,0.62,0.53,0.79,0.71,0.76,0.65,0.59,0.79,0.79,0.74,0.76,0.5,0.65,0.88,0.76,0.76,0.59,0.5,0.7,0.74,0.68,0.79,0.68,0.74,0.74,0.76,0.56,0.71,0.7,0.82,0.65,0.68,0.56,0.68,0.65,0.26,0.68,0.68,0.76,0.53,0.82,0.76,0.56,0.74,0.56,0.82,0.56,0.41,0.59,0.74,0.82,0.05,0.32,0.62,0.56,0.74,0.76,0.56,0.62,0.65,0.71,0.82,0.91,0.5,0.82,0.73,0.79,0.82,0.82,0.85,0.85,0.74,0.79,0.76,0.7,0.62,0.59
141,0.89,0.85,0.74,0.79,0.76,0.85,0.56,0.86,0.74,0.76,0.7,0.56,0.73,0.73,0.79,0.7,0.59,0.76,0.83,0.82,0.83,0.62,0.59,0.77,0.79,0.73,0.86,0.67,0.79,0.73,0.77,0.59,0.76,0.77,0.83,0.68,0.76,0.59,0.91,0.74,0.35,0.79,0.73,0.76,0.79,0.83,0.82,0.59,0.67,0.65,0.83,0.59,0.56,0.64,0.73,0.7,0.05,0.41,0.65,0.59,0.79,0.7,0.67,0.85,0.62,0.64,0.7,0.86,0.65,0.82,0.86,0.67,0.83,0.64,0.86,0.86,0.67,0.79,0.82,0.83,0.59,0.62
142,0.74,0.62,0.59,0.56,0.65,0.62,0.47,0.76,0.47,0.65,0.65,0.53,0.62,0.62,0.68,0.65,0.5,0.65,0.62,0.71,0.74,0.47,0.5,0.74,0.74,0.56,0.65,0.62,0.68,0.68,0.62,0.5,0.65,0.56,0.74,0.59,0.56,0.5,0.62,0.59,0.32,0.56,0.62,0.59,0.47,0.79,0.59,0.56,0.68,0.62,0.79,0.5,0.47,0.65,0.62,0.59,0.05,0.44,0.44,0.44,0.56,0.59,0.62,0.62,0.47,0.65,0.65,0.71,0.38,0.59,0.65,0.68,0.68,0.53,0.71,0.71,0.56,0.62,0.65,0.79,0.44,0.53
143,0.82,0.79,0.71,0.79,0.76,0.74,0.59,0.85,0.65,0.71,0.76,0.59,0.68,0.74,0.79,0.76,0.62,0.76,0.82,0.82,0.82,0.65,0.56,0.7,0.85,0.68,0.73,0.68,0.74,0.74,0.7,0.62,0.71,0.64,0.82,0.71,0.68,0.62,0.74,0.71,0.32,0.68,0.74,0.76,0.53,0.88,0.82,0.62,0.74,0.62,0.88,0.62,0.47,0.65,0.79,0.82,0.05,0.38,0.62,0.5,0.79,0.71,0.62,0.74,0.59,0.71,0.82,0.91,0.5,0.82,0.73,0.74,0.82,0.71,0.91,0.91,0.62,0.79,0.76,0.76,0.56,0.65
144,0.68,0.62,0.59,0.62,0.65,0.74,0.41,0.71,0.47,0.53,0.53,0.35,0.44,0.5,0.62,0.53,0.5,0.65,0.62,0.59,0.68,0.41,0.5,0.68,0.62,0.44,0.59,0.56,0.56,0.56,0.56,0.38,0.53,0.5,0.68,0.47,0.5,0.38,0.74,0.53,0.32,0.5,0.5,0.53,0.53,0.68,0.59,0.44,0.56,0.56,0.68,0.38,0.47,0.59,0.62,0.53,0.05,0.38,0.38,0.38,0.68,0.53,0.68,0.62,0.41,0.53,0.53,0.65,0.38,0.59,0.59,0.5,0.62,0.41,0.71,0.71,0.38,0.56,0.53,0.74,0.32,0.47
145,0.79,0.71,0.62,0.76,0.62,0.65,0.5,0.7,0.56,0.62,0.62,0.44,0.65,0.65,0.65,0.62,0.53,0.62,0.73,0.74,0.67,0.5,0.53,0.61,0.71,0.65,0.7,0.65,0.65,0.59,0.61,0.47,0.62,0.61,0.67,0.62,0.59,0.47,0.71,0.56,0.35,0.65,0.65,0.68,0.56,0.73,0.74,0.53,0.65,0.53,0.73,0.47,0.44,0.62,0.65,0.68,0.05,0.41,0.53,0.47,0.76,0.68,0.59,0.65,0.5,0.62,0.68,0.82,0.53,0.74,0.7,0.59,0.85,0.62,0.76,0.76,0.59,0.71,0.74,0.67,0.47,0.56
146,0.59,0.53,0.44,0.47,0.5,0.53,0.38,0.68,0.5,0.5,0.5,0.5,0.47,0.47,0.59,0.62,0.41,0.5,0.59,0.56,0.65,0.38,0.35,0.71,0.59,0.47,0.56,0.41,0.53,0.59,0.59,0.53,0.44,0.47,0.65,0.44,0.41,0.47,0.53,0.5,0.23,0.41,0.47,0.62,0.5,0.71,0.56,0.41,0.47,0.47,0.71,0.41,0.38,0.5,0.59,0.62,0.05,0.29,0.53,0.29,0.47,0.44,0.47,0.47,0.38,0.44,0.62,0.68,0.29,0.56,0.5,0.59,0.53,0.5,0.68,0.68,0.41,0.65,0.56,0.71,0.47,0.44
147,0.59,0.47,0.5,0.47,0.62,0.59,0.38,0.62,0.32,0.44,0.44,0.32,0.35,0.35,0.53,0.44,0.47,0.62,0.47,0.44,0.59,0.32,0.47,0.53,0.53,0.35,0.5,0.53,0.47,0.47,0.47,0.35,0.44,0.41,0.59,0.32,0.41,0.35,0.59,0.44,0.29,0.41,0.41,0.38,0.38,0.59,0.44,0.41,0.47,0.41,0.59,0.35,0.38,0.44,0.53,0.38,0.05,0.41,0.29,0.35,0.53,0.38,0.59,0.53,0.32,0.44,0.38,0.5,0.35,0.44,0.5,0.41,0.47,0.26,0.56,0.56,0.29,0.41,0.44,0.65,0.29,0.38
148,0.53,0.47,0.44,0.41,0.38,0.41,0.34,0.56,0.38,0.44,0.5,0.34,0.41,0.47,0.47,0.44,0.37,0.38,0.53,0.44,0.53,0.28,0.25,0.53,0.47,0.47,0.5,0.41,0.41,0.41,0.53,0.37,0.44,0.47,0.53,0.44,0.47,0.37,0.47,0.44,0.25,0.41,0.53,0.38,0.44,0.59,0.38,0.37,0.35,0.47,0.59,0.37,0.34,0.44,0.41,0.38,0.05,0.31,0.37,0.31,0.41,0.38,0.41,0.41,0.34,0.38,0.38,0.56,0.31,0.44,0.5,0.41,0.53,0.38,0.5,0.5,0.41,0.47,0.5,0.59,0.37,0.34
149,0.56,0.5,0.47,0.5,0.53,0.56,0.41,0.65,0.35,0.53,0.53,0.35,0.44,0.38,0.56,0.47,0.38,0.53,0.44,0.47,0.68,0.35,0.38,0.62,0.56,0.44,0.53,0.38,0.5,0.5,0.44,0.38,0.53,0.44,0.62,0.35,0.44,0.44,0.5,0.47,0.26,0.5,0.5,0.41,0.41,0.62,0.47,0.38,0.44,0.5,0.62,0.44,0.47,0.47,0.44,0.41,0.05,0.32,0.32,0.38,0.44,0.35,0.5,0.56,0.29,0.47,0.41,0.53,0.38,0.47,0.65,0.44,0.44,0.29,0.59,0.59,0.38,0.44,0.47,0.74,0.32,0.35
150,0.59,0.59,0.56,0.59,0.5,0.59,0.38,0.68,0.44,0.56,0.5,0.32,0.47,0.47,0.59,0.5,0.41,0.5,0.59,0.5,0.65,0.32,0.35,0.71,0.53,0.47,0.62,0.53,0.53,0.53,0.59,0.35,0.56,0.53,0.65,0.38,0.53,0.35,0.65,0.5,0.3,0.53,0.53,0.44,0.56,0.65,0.5,0.41,0.47,0.47,0.65,0.35,0.44,0.5,0.47,0.44,0.05,0.35,0.35,0.41,0.59,0.5,0.59,0.59,0.32,0.5,0.44,0.62,0.41,0.56,0.62,0.47,0.59,0.38,0.62,0.62,0.41,0.53,0.56,0.71,0.35,0.38
151,0.47,0.59,0.56,0.59,0.5,0.47,0.5,0.68,0.44,0.62,0.62,0.38,0.53,0.47,0.59,0.5,0.47,0.5,0.53,0.5,0.71,0.38,0.35,0.53,0.53,0.59,0.62,0.53,0.53,0.53,0.53,0.41,0.62,0.59,0.65,0.32,0.53,0.47,0.53,0.5,0.23,0.65,0.65,0.44,0.38,0.65,0.5,0.47,0.47,0.41,0.65,0.47,0.44,0.38,0.47,0.44,0.05,0.23,0.41,0.47,0.59,0.5,0.47,0.53,0.38,0.56,0.44,0.62,0.53,0.56,0.68,0.47,0.59,0.38,0.62,0.62,0.53,0.53,0.56,0.59,0.41,0.44
152,0.83,0.79,0.68,0.79,0.64,0.67,0.62,0.74,0.68,0.64,0.64,0.5,0.73,0.73,0.67,0.7,0.59,0.64,0.89,0.76,0.71,0.56,0.53,0.59,0.73,0.67,0.86,0.67,0.67,0.61,0.77,0.53,0.64,0.77,0.77,0.62,0.71,0.53,0.73,0.62,0.35,0.73,0.67,0.76,0.62,0.77,0.76,0.59,0.73,0.53,0.77,0.59,0.44,0.58,0.67,0.76,0.05,0.41,0.59,0.59,0.79,0.76,0.55,0.73,0.62,0.7,0.7,0.86,0.65,0.76,0.8,0.67,0.89,0.7,0.8,0.8,0.67,0.73,0.76,0.65,0.59,0.62
153,0.62,0.56,0.53,0.5,0.59,0.56,0.35,0.76,0.53,0.59,0.53,0.47,0.5,0.44,0.68,0.65,0.38,0.59,0.56,0.53,0.74,0.35,0.38,0.85,0.62,0.5,0.59,0.44,0.62,0.68,0.62,0.5,0.53,0.5,0.74,0.41,0.5,0.44,0.56,0.59,0.21,0.5,0.5,0.59,0.59,0.74,0.59,0.38,0.5,0.5,0.74,0.38,0.41,0.53,0.56,0.59,0.05,0.32,0.44,0.32,0.5,0.41,0.56,0.56,0.3,0.47,0.59,0.65,0.32,0.59,0.59,0.62,0.5,0.47,0.71,0.71,0.44,0.62,0.59,0.85,0.44,0.35
154,0.62,0.68,0.53,0.68,0.59,0.68,0.35,0.76,0.59,0.65,0.53,0.41,0.56,0.56,0.68,0.59,0.38,0.59,0.68,0.59,0.74,0.41,0.38,0.74,0.62,0.56,0.65,0.5,0.62,0.62,0.62,0.44,0.59,0.56,0.74,0.47,0.56,0.44,0.68,0.59,0.21,0.56,0.56,0.59,0.59,0.74,0.65,0.38,0.5,0.5,0.74,0.38,0.41,0.53,0.62,0.59,0.05,0.27,0.5,0.44,0.62,0.53,0.56,0.62,0.41,0.47,0.59,0.76,0.38,0.71,0.71,0.56,0.62,0.53,0.76,0.76,0.5,0.68,0.65,0.79,0.44,0.41
155,0.68,0.74,0.71,0.68,0.71,0.68,0.53,0.88,0.59,0.71,0.71,0.53,0.62,0.62,0.8,0.71,0.56,0.71,0.68,0.71,0.85,0.53,0.44,0.74,0.74,0.62,0.71,0.62,0.74,0.74,0.68,0.56,0.71,0.62,0.85,0.53,0.68,0.56,0.68,0.71,0.27,0.68,0.68,0.65,0.53,0.85,0.71,0.56,0.62,0.56,0.85,0.56,0.47,0.53,0.68,0.65,0.05,0.32,0.5,0.5,0.68,0.59,0.62,0.74,0.47,0.65,0.65,0.76,0.5,0.71,0.76,0.68,0.68,0.53,0.82,0.82,0.56,0.68,0.71,0.79,0.5,0.53
156,0.62,0.62,0.53,0.62,0.53,0.5,0.41,0.65,0.47,0.59,0.59,0.41,0.56,0.68,0.56,0.53,0.44,0.53,0.68,0.65,0.62,0.41,0.38,0.56,0.62,0.56,0.59,0.62,0.56,0.56,0.68,0.38,0.59,0.62,0.62,0.53,0.5,0.38,0.56,0.47,0.32,0.5,0.62,0.53,0.35,0.68,0.53,0.5,0.62,0.44,0.68,0.38,0.35,0.59,0.56,0.53,0.05,0.38,0.44,0.44,0.62,0.65,0.5,0.5,0.47,0.59,0.59,0.71,0.38,0.59,0.59,0.56,0.79,0.59,0.65,0.65,0.56,0.62,0.59,0.56,0.38,0.53
157,0.74,0.62,0.53,0.56,0.59,0.62,0.41,0.71,0.47,0.53,0.59,0.41,0.56,0.56,0.62,0.59,0.44,0.59,0.62,0.71,0.68,0.41,0.38,0.74,0.68,0.56,0.65,0.5,0.62,0.56,0.56,0.44,0.53,0.56,0.68,0.53,0.5,0.44,0.62,0.53,0.27,0.56,0.56,0.65,0.53,0.74,0.65,0.44,0.56,0.56,0.74,0.44,0.41,0.59,0.62,0.59,0.05,0.32,0.44,0.32,0.56,0.53,0.56,0.62,0.41,0.53,0.59,0.71,0.38,0.59,0.65,0.56,0.68,0.47,0.71,0.71,0.5,0.62,0.65,0.74,0.38,0.47
158,0.79,0.76,0.62,0.82,0.68,0.76,0.44,0.76,0.62,0.68,0.62,0.44,0.65,0.65,0.71,0.62,0.47,0.68,0.73,0.74,0.73,0.56,0.53,0.67,0.71,0.65,0.7,0.59,0.71,0.65,0.61,0.47,0.68,0.61,0.73,0.62,0.65,0.47,0.76,0.62,0.24,0.71,0.65,0.68,0.62,0.73,0.79,0.47,0.59,0.53,0.73,0.47,0.44,0.56,0.65,0.68,0.05,0.29,0.53,0.53,0.76,0.62,0.59,0.76,0.5,0.56,0.68,0.82,0.53,0.79,0.82,0.59,0.79,0.62,0.82,0.82,0.59,0.71,0.74,0.73,0.47,0.5
159,0.7,0.74,0.65,0.68,0.65,0.68,0.53,0.85,0.65,0.76,0.71,0.59,0.74,0.68,0.79,0.76,0.56,0.65,0.76,0.71,0.82,0.47,0.44,0.82,0.74,0.74,0.79,0.68,0.74,0.74,0.76,0.62,0.71,0.7,0.82,0.59,0.68,0.62,0.74,0.71,0.38,0.68,0.74,0.71,0.71,0.88,0.71,0.56,0.62,0.68,0.88,0.56,0.53,0.65,0.74,0.71,0.05,0.44,0.62,0.5,0.68,0.65,0.68,0.68,0.53,0.65,0.71,0.85,0.5,0.76,0.73,0.74,0.7,0.65,0.79,0.79,0.68,0.79,0.82,0.88,0.62,0.53
160,0.71,0.71,0.62,0.59,0.62,0.59,0.56,0.79,0.56,0.62,0.74,0.5,0.65,0.71,0.71,0.74,0.53,0.62,0.76,0.68,0.76,0.44,0.35,0.65,0.71,0.65,0.74,0.59,0.65,0.65,0.76,0.53,0.62,0.71,0.82,0.56,0.65,0.53,0.59,0.62,0.3,0.65,0.71,0.68,0.44,0.82,0.62,0.53,0.65,0.53,0.82,0.59,0.38,0.56,0.65,0.68,0.05,0.35,0.47,0.47,0.59,0.62,0.53,0.65,0.5,0.68,0.62,0.74,0.47,0.62,0.74,0.71,0.71,0.62,0.74,0.74,0.65,0.65,0.68,0.71,0.53,0.5
161,0.64,0.62,0.59,0.68,0.71,0.79,0.41,0.67,0.47,0.53,0.53,0.35,0.44,0.5,0.62,0.53,0.5,0.71,0.58,0.59,0.64,0.41,0.5,0.64,0.62,0.44,0.55,0.62,0.56,0.56,0.52,0.38,0.53,0.46,0.64,0.47,0.5,0.38,0.74,0.53,0.44,0.5,0.5,0.53,0.53,0.64,0.59,0.44,0.56,0.56,0.64,0.38,0.47,0.59,0.68,0.53,0.05,0.5,0.38,0.44,0.68,0.53,0.74,0.68,0.41,0.53,0.53,0.61,0.38,0.59,0.61,0.5,0.58,0.41,0.67,0.67,0.38,0.56,0.53,0.7,0.32,0.47
162,0.62,0.56,0.41,0.56,0.47,0.5,0.35,0.59,0.41,0.53,0.47,0.41,0.5,0.62,0.5,0.47,0.38,0.47,0.62,0.59,0.56,0.53,0.44,0.56,0.56,0.44,0.53,0.56,0.5,0.5,0.5,0.38,0.59,0.44,0.56,0.59,0.44,0.38,0.56,0.41,0.26,0.44,0.5,0.47,0.35,0.62,0.53,0.44,0.56,0.44,0.62,0.38,0.41,0.53,0.5,0.53,0.05,0.32,0.44,0.38,0.56,0.59,0.5,0.44,0.47,0.53,0.59,0.71,0.32,0.59,0.53,0.5,0.68,0.59,0.65,0.65,0.44,0.56,0.53,0.56,0.38,0.47
163,0.53,0.59,0.44,0.47,0.44,0.41,0.44,0.68,0.5,0.62,0.5,0.5,0.71,0.59,0.59,0.62,0.41,0.44,0.65,0.62,0.65,0.38,0.29,0.59,0.53,0.59,0.74,0.53,0.65,0.59,0.65,0.47,0.56,0.65,0.71,0.38,0.53,0.47,0.47,0.5,0.17,0.59,0.53,0.62,0.44,0.71,0.56,0.47,0.53,0.41,0.71,0.47,0.32,0.38,0.53,0.56,0.05,0.23,0.47,0.47,0.47,0.56,0.41,0.53,0.5,0.56,0.56,0.68,0.47,0.56,0.68,0.65,0.65,0.56,0.62,0.62,0.65,0.59,0.68,0.59,0.53,0.44
164,0.65,0.71,0.62,0.71,0.68,0.71,0.44,0.85,0.62,0.68,0.62,0.5,0.59,0.59,0.77,0.68,0.47,0.68,0.71,0.68,0.82,0.5,0.41,0.71,0.71,0.59,0.68,0.53,0.71,0.71,0.65,0.53,0.62,0.59,0.82,0.5,0.59,0.53,0.65,0.68,0.18,0.59,0.59,0.68,0.5,0.82,0.74,0.47,0.59,0.47,0.82,0.47,0.38,0.5,0.71,0.68,0.05,0.24,0.53,0.47,0.65,0.56,0.53,0.71,0.44,0.56,0.68,0.79,0.41,0.74,0.74,0.65,0.65,0.56,0.85,0.85,0.53,0.71,0.68,0.76,0.47,0.5
165,0.56,0.62,0.59,0.56,0.59,0.56,0.53,0.77,0.47,0.65,0.65,0.47,0.56,0.5,0.68,0.59,0.5,0.59,0.56,0.59,0.8,0.47,0.38,0.62,0.62,0.56,0.65,0.5,0.62,0.62,0.56,0.5,0.65,0.56,0.74,0.41,0.56,0.56,0.56,0.59,0.26,0.62,0.62,0.53,0.41,0.74,0.59,0.5,0.5,0.5,0.74,0.56,0.47,0.41,0.56,0.53,0.05,0.26,0.44,0.44,0.56,0.47,0.5,0.62,0.41,0.59,0.53,0.65,0.5,0.59,0.71,0.56,0.56,0.41,0.71,0.71,0.5,0.56,0.59,0.68,0.44,0.47
166,0.65,0.59,0.44,0.53,0.5,0.53,0.38,0.62,0.44,0.56,0.56,0.44,0.53,0.65,0.53,0.5,0.41,0.5,0.65,0.62,0.59,0.44,0.41,0.59,0.59,0.53,0.56,0.53,0.53,0.53,0.59,0.41,0.56,0.53,0.59,0.56,0.47,0.41,0.59,0.44,0.29,0.47,0.59,0.5,0.38,0.65,0.5,0.47,0.53,0.47,0.65,0.41,0.38,0.56,0.53,0.5,0.05,0.35,0.47,0.41,0.53,0.56,0.47,0.47,0.5,0.5,0.56,0.68,0.35,0.56,0.56,0.53,0.71,0.56,0.62,0.62,0.53,0.59,0.56,0.59,0.41,0.5
167,0.73,0.65,0.56,0.71,0.56,0.59,0.44,0.64,0.5,0.56,0.62,0.38,0.53,0.65,0.59,0.56,0.47,0.56,0.73,0.62,0.61,0.44,0.47,0.61,0.65,0.59,0.58,0.59,0.53,0.53,0.67,0.41,0.56,0.61,0.61,0.62,0.53,0.41,0.65,0.5,0.41,0.53,0.65,0.56,0.5,0.67,0.62,0.47,0.59,0.53,0.67,0.41,0.44,0.68,0.59,0.62,0.05,0.47,0.47,0.41,0.71,0.62,0.59,0.53,0.44,0.56,0.62,0.76,0.41,0.68,0.58,0.53,0.79,0.62,0.7,0.7,0.53,0.65,0.62,0.67,0.41,0.5
168,0.74,0.82,0.71,0.82,0.73,0.76,0.53,0.89,0.82,0.79,0.67,0.65,0.76,0.7,0.82,0.79,0.56,0.73,0.8,0.79,0.86,0.59,0.5,0.8,0.76,0.76,0.83,0.64,0.82,0.82,0.8,0.68,0.73,0.74,0.86,0.59,0.74,0.62,0.76,0.76,0.26,0.76,0.7,0.85,0.76,0.86,0.85,0.56,0.64,0.56,0.86,0.56,0.47,0.55,0.76,0.79,0.05,0.32,0.74,0.62,0.76,0.67,0.58,0.82,0.59,0.61,0.79,0.89,0.62,0.85,0.89,0.76,0.8,0.73,0.89,0.89,0.7,0.88,0.85,0.8,0.68,0.59
169,0.71,0.65,0.5,0.65,0.56,0.59,0.32,0.68,0.5,0.62,0.5,0.38,0.59,0.59,0.59,0.5,0.35,0.56,0.65,0.68,0.65,0.5,0.47,0.71,0.59,0.53,0.62,0.53,0.65,0.59,0.53,0.35,0.62,0.53,0.65,0.56,0.53,0.35,0.65,0.5,0.24,0.59,0.53,0.56,0.56,0.65,0.68,0.41,0.53,0.53,0.65,0.35,0.44,0.56,0.53,0.56,0.05,0.3,0.41,0.41,0.65,0.56,0.59,0.59,0.44,0.5,0.62,0.74,0.41,0.68,0.68,0.53,0.76,0.56,0.74,0.74,0.53,0.59,0.62,0.71,0.35,0.44
170,0.7,0.79,0.71,0.79,0.71,0.74,0.53,0.79,0.65,0.71,0.65,0.47,0.62,0.68,0.74,0.65,0.56,0.71,0.7,0.71,0.76,0.53,0.56,0.7,0.74,0.62,0.67,0.68,0.68,0.68,0.64,0.5,0.71,0.58,0.76,0.59,0.68,0.5,0.79,0.65,0.38,0.68,0.68,0.65,0.59,0.76,0.71,0.56,0.68,0.56,0.76,0.5,0.53,0.65,0.68,0.65,0.05,0.44,0.56,0.56,0.79,0.71,0.68,0.68,0.53,0.65,0.65,0.79,0.56,0.76,0.73,0.62,0.76,0.59,0.79,0.79,0.56,0.74,0.71,0.76,0.5,0.59
171,0.86,0.76,0.71,0.82,0.67,0.7,0.59,0.77,0.65,0.67,0.67,0.53,0.7,0.7,0.7,0.67,0.62,0.67,0.86,0.79,0.74,0.59,0.56,0.62,0.76,0.7,0.83,0.7,0.7,0.64,0.74,0.56,0.67,0.74,0.74,0.65,0.68,0.56,0.76,0.65,0.38,0.7,0.7,0.73,0.65,0.8,0.79,0.62,0.7,0.56,0.8,0.56,0.47,0.61,0.7,0.73,0.05,0.44,0.62,0.56,0.82,0.73,0.58,0.76,0.59,0.67,0.73,0.89,0.62,0.79,0.77,0.64,0.92,0.67,0.83,0.83,0.64,0.76,0.79,0.68,0.56,0.65
172,0.83,0.79,0.68,0.79,0.7,0.73,0.5,0.86,0.74,0.76,0.64,0.56,0.73,0.67,0.79,0.7,0.53,0.7,0.83,0.76,0.83,0.62,0.59,0.83,0.73,0.73,0.8,0.61,0.79,0.73,0.71,0.59,0.7,0.71,0.83,0.68,0.71,0.59,0.79,0.74,0.35,0.73,0.67,0.76,0.79,0.83,0.88,0.53,0.61,0.65,0.83,0.53,0.56,0.64,0.73,0.76,0.05,0.41,0.65,0.53,0.79,0.64,0.67,0.73,0.56,0.58,0.76,0.92,0.59,0.88,0.8,0.67,0.83,0.7,0.92,0.92,0.67,0.79,0.82,0.89,0.59,0.56
173,0.79,0.82,0.62,0.76,0.68,0.71,0.5,0.76,0.68,0.68,0.62,0.44,0.71,0.71,0.71,0.68,0.47,0.68,0.85,0.74,0.73,0.56,0.47,0.61,0.71,0.65,0.82,0.59,0.71,0.65,0.73,0.47,0.68,0.73,0.79,0.56,0.71,0.47,0.76,0.62,0.18,0.76,0.65,0.74,0.62,0.73,0.79,0.47,0.65,0.47,0.73,0.53,0.38,0.5,0.65,0.74,0.05,0.24,0.53,0.53,0.76,0.68,0.53,0.76,0.56,0.62,0.68,0.82,0.59,0.79,0.82,0.65,0.79,0.68,0.82,0.82,0.65,0.71,0.74,0.67,0.53,0.5
174,0.64,0.74,0.59,0.68,0.65,0.68,0.41,0.79,0.71,0.71,0.59,0.53,0.62,0.62,0.74,0.71,0.44,0.65,0.7,0.65,0.76,0.47,0.44,0.88,0.68,0.62,0.67,0.56,0.68,0.74,0.7,0.56,0.65,0.58,0.76,0.53,0.62,0.5,0.74,0.65,0.26,0.62,0.62,0.71,0.71,0.76,0.71,0.44,0.56,0.56,0.76,0.44,0.47,0.59,0.68,0.71,0.05,0.32,0.62,0.44,0.68,0.59,0.62,0.62,0.47,0.53,0.71,0.79,0.44,0.76,0.67,0.68,0.64,0.65,0.79,0.79,0.56,0.79,0.71,0.82,0.56,0.47
175,0.83,0.79,0.74,0.85,0.7,0.73,0.56,0.8,0.68,0.7,0.64,0.5,0.67,0.67,0.73,0.64,0.59,0.7,0.77,0.76,0.77,0.62,0.65,0.77,0.73,0.67,0.74,0.67,0.73,0.67,0.65,0.53,0.7,0.65,0.77,0.68,0.71,0.53,0.79,0.68,0.41,0.73,0.67,0.7,0.74,0.77,0.82,0.59,0.67,0.65,0.77,0.53,0.62,0.7,0.67,0.7,0.05,0.47,0.59,0.59,0.85,0.7,0.73,0.73,0.56,0.64,0.7,0.86,0.65,0.82,0.8,0.61,0.89,0.64,0.86,0.86,0.61,0.73,0.76,0.83,0.53,0.62
176,0.76,0.74,0.65,0.68,0.65,0.68,0.53,0.85,0.65,0.76,0.71,0.59,0.79,0.68,0.79,0.76,0.56,0.65,0.76,0.76,0.82,0.47,0.44,0.76,0.74,0.79,0.85,0.68,0.79,0.74,0.76,0.62,0.71,0.76,0.82,0.59,0.68,0.62,0.74,0.71,0.32,0.74,0.74,0.76,0.71,0.88,0.76,0.56,0.62,0.62,0.88,0.56,0.47,0.59,0.74,0.71,0.05,0.38,0.62,0.5,0.68,0.65,0.62,0.74,0.53,0.65,0.71,0.85,0.56,0.76,0.79,0.74,0.76,0.65,0.79,0.79,0.74,0.79,0.88,0.82,0.62,0.53
177,0.76,0.79,0.71,0.74,0.76,0.79,0.53,0.91,0.71,0.76,0.71,0.59,0.68,0.68,0.85,0.76,0.56,0.76,0.82,0.76,0.88,0.59,0.5,0.76,0.79,0.68,0.79,0.62,0.79,0.79,0.76,0.62,0.71,0.7,0.88,0.59,0.68,0.62,0.79,0.77,0.26,0.68,0.68,0.76,0.65,0.88,0.82,0.56,0.68,0.56,0.88,0.56,0.47,0.59,0.79,0.76,0.05,0.32,0.62,0.5,0.74,0.65,0.62,0.79,0.53,0.65,0.76,0.85,0.5,0.82,0.73,0.74,0.7,0.65,0.91,0.91,0.62,0.79,0.76,0.82,0.56,0.59
178,0.5,0.44,0.41,0.44,0.41,0.44,0.41,0.53,0.3,0.47,0.53,0.29,0.44,0.44,0.44,0.41,0.44,0.41,0.5,0.41,0.56,0.23,0.32,0.56,0.44,0.5,0.53,0.5,0.38,0.38,0.5,0.32,0.47,0.5,0.5,0.35,0.38,0.38,0.5,0.35,0.38,0.44,0.56,0.35,0.35,0.56,0.35,0.38,0.38,0.5,0.56,0.38,0.41,0.47,0.44,0.35,0.05,0.38,0.32,0.32,0.5,0.41,0.5,0.38,0.35,0.47,0.35,0.53,0.38,0.41,0.53,0.38,0.56,0.35,0.47,0.47,0.44,0.44,0.47,0.56,0.32,0.35
179,0.68,0.68,0.59,0.68,0.59,0.62,0.47,0.71,0.53,0.59,0.59,0.41,0.56,0.62,0.62,0.59,0.5,0.59,0.74,0.65,0.68,0.41,0.38,0.56,0.68,0.56,0.71,0.62,0.56,0.56,0.68,0.44,0.59,0.62,0.68,0.47,0.56,0.44,0.68,0.53,0.27,0.56,0.62,0.59,0.47,0.74,0.59,0.5,0.62,0.44,0.74,0.44,0.35,0.53,0.62,0.59,0.05,0.32,0.5,0.44,0.68,0.65,0.5,0.62,0.47,0.59,0.59,0.76,0.44,0.65,0.65,0.56,0.74,0.53,0.71,0.71,0.5,0.68,0.65,0.62,0.44,0.53
180,0.86,0.76,0.71,0.82,0.67,0.7,0.59,0.77,0.65,0.67,0.67,0.53,0.7,0.7,0.7,0.67,0.62,0.67,0.8,0.79,0.74,0.59,0.62,0.74,0.76,0.7,0.77,0.7,0.7,0.64,0.68,0.56,0.67,0.68,0.74,0.71,0.68,0.56,0.76,0.65,0.44,0.7,0.7,0.73,0.71,0.8,0.79,0.62,0.7,0.68,0.8,0.56,0.59,0.73,0.7,0.73,0.05,0.5,0.62,0.56,0.82,0.73,0.7,0.7,0.59,0.67,0.73,0.89,0.62,0.79,0.77,0.64,0.92,0.67,0.83,0.83,0.64,0.76,0.79,0.8,0.56,0.65
181,0.77,0.85,0.74,0.91,0.76,0.79,0.56,0.92,0.79,0.82,0.7,0.62,0.73,0.73,0.85,0.76,0.59,0.76,0.89,0.76,0.89,0.68,0.59,0.77,0.79,0.73,0.8,0.67,0.79,0.79,0.77,0.65,0.76,0.71,0.89,0.68,0.76,0.65,0.79,0.79,0.29,0.73,0.73,0.76,0.68,0.89,0.88,0.59,0.67,0.59,0.89,0.59,0.5,0.58,0.79,0.82,0.05,0.35,0.71,0.65,0.85,0.7,0.61,0.79,0.62,0.64,0.82,0.98,0.59,0.94,0.86,0.73,0.83,0.76,0.98,0.98,0.67,0.85,0.82,0.83,0.65,0.62
182,0.65,0.79,0.74,0.73,0.76,0.79,0.62,0.92,0.74,0.82,0.7,0.68,0.79,0.73,0.85,0.82,0.65,0.76,0.77,0.76,0.89,0.62,0.59,0.83,0.73,0.67,0.8,0.73,0.85,0.85,0.77,0.65,0.76,0.71,0.95,0.62,0.76,0.65,0.73,0.79,0.41,0.73,0.67,0.76,0.62,0.89,0.76,0.65,0.73,0.71,0.89,0.65,0.56,0.58,0.79,0.76,0.05,0.47,0.59,0.71,0.73,0.7,0.73,0.79,0.68,0.76,0.76,0.8,0.59,0.76,0.86,0.85,0.71,0.7,0.86,0.86,0.73,0.73,0.76,0.83,0.65,0.62
183,0.83,0.91,0.74,0.85,0.76,0.73,0.68,0.86,0.79,0.76,0.76,0.62,0.79,0.85,0.79,0.82,0.65,0.76,0.95,0.82,0.83,0.68,0.59,0.71,0.85,0.73,0.86,0.73,0.73,0.73,0.83,0.65,0.76,0.77,0.89,0.74,0.82,0.65,0.79,0.74,0.35,0.79,0.79,0.82,0.62,0.89,0.82,0.65,0.79,0.65,0.89,0.71,0.5,0.64,0.79,0.88,0.05,0.41,0.71,0.65,0.85,0.82,0.61,0.73,0.74,0.76,0.82,0.98,0.65,0.88,0.86,0.79,0.89,0.82,0.92,0.92,0.73,0.85,0.82,0.77,0.71,0.68
184,0.89,0.85,0.68,0.79,0.7,0.73,0.62,0.8,0.74,0.7,0.7,0.56,0.79,0.79,0.73,0.76,0.59,0.7,0.95,0.82,0.77,0.62,0.53,0.65,0.79,0.73,0.92,0.67,0.73,0.67,0.83,0.59,0.7,0.83,0.83,0.68,0.76,0.59,0.79,0.68,0.29,0.79,0.73,0.82,0.68,0.83,0.82,0.59,0.73,0.59,0.83,0.65,0.44,0.58,0.73,0.82,0.05,0.35,0.65,0.59,0.79,0.76,0.55,0.79,0.68,0.7,0.76,0.92,0.65,0.82,0.86,0.73,0.89,0.76,0.86,0.86,0.73,0.79,0.82,0.71,0.65,0.62
185,0.5,0.5,0.47,0.5,0.47,0.5,0.47,0.59,0.35,0.53,0.53,0.35,0.5,0.44,0.5,0.47,0.5,0.47,0.5,0.47,0.62,0.29,0.38,0.56,0.5,0.5,0.59,0.56,0.44,0.44,0.5,0.38,0.53,0.5,0.56,0.35,0.44,0.44,0.56,0.41,0.38,0.5,0.56,0.41,0.41,0.62,0.41,0.44,0.44,0.56,0.62,0.44,0.47,0.47,0.5,0.41,0.05,0.38,0.38,0.38,0.56,0.47,0.56,0.44,0.41,0.53,0.41,0.59,0.44,0.47,0.59,0.44,0.56,0.35,0.53,0.53,0.44,0.5,0.53,0.62,0.38,0.41
186,0.7,0.79,0.71,0.74,0.82,0.79,0.53,0.85,0.65,0.76,0.71,0.59,0.68,0.74,0.79,0.71,0.62,0.82,0.7,0.82,0.82,0.65,0.62,0.76,0.79,0.62,0.67,0.74,0.79,0.79,0.64,0.56,0.76,0.58,0.82,0.65,0.68,0.56,0.79,0.71,0.38,0.68,0.68,0.71,0.53,0.82,0.76,0.62,0.74,0.68,0.82,0.56,0.53,0.65,0.79,0.71,0.05,0.44,0.56,0.56,0.79,0.71,0.74,0.74,0.65,0.71,0.76,0.79,0.5,0.76,0.73,0.74,0.76,0.65,0.85,0.85,0.62,0.74,0.71,0.76,0.5,0.65
187,0.56,0.62,0.53,0.56,0.59,0.56,0.41,0.77,0.59,0.59,0.53,0.53,0.5,0.5,0.68,0.65,0.44,0.59,0.62,0.59,0.74,0.47,0.38,0.68,0.62,0.5,0.59,0.44,0.62,0.68,0.62,0.56,0.53,0.5,0.74,0.41,0.5,0.5,0.56,0.59,0.14,0.5,0.5,0.65,0.47,0.74,0.65,0.44,0.5,0.38,0.74,0.44,0.35,0.41,0.62,0.65,0.05,0.2,0.56,0.38,0.56,0.47,0.44,0.56,0.41,0.47,0.65,0.71,0.38,0.65,0.59,0.62,0.56,0.53,0.77,0.77,0.44,0.68,0.59,0.68,0.5,0.47
188,0.7,0.74,0.65,0.74,0.76,0.85,0.47,0.85,0.65,0.71,0.65,0.53,0.62,0.62,0.79,0.71,0.56,0.76,0.76,0.71,0.82,0.53,0.5,0.7,0.74,0.62,0.73,0.62,0.74,0.74,0.7,0.56,0.65,0.64,0.82,0.53,0.62,0.56,0.79,0.71,0.26,0.62,0.62,0.71,0.59,0.82,0.76,0.5,0.62,0.56,0.82,0.5,0.41,0.53,0.79,0.71,0.05,0.32,0.56,0.5,0.74,0.59,0.62,0.79,0.53,0.59,0.71,0.79,0.44,0.76,0.73,0.68,0.64,0.59,0.85,0.85,0.56,0.74,0.71,0.76,0.5,0.53
189,0.83,0.73,0.62,0.73,0.64,0.73,0.44,0.8,0.74,0.7,0.58,0.56,0.67,0.61,0.73,0.7,0.47,0.64,0.83,0.7,0.77,0.56,0.53,0.83,0.67,0.67,0.8,0.55,0.73,0.73,0.77,0.59,0.64,0.71,0.77,0.62,0.65,0.53,0.79,0.68,0.29,0.67,0.61,0.76,0.85,0.77,0.82,0.47,0.55,0.59,0.77,0.47,0.5,0.58,0.67,0.76,0.05,0.35,0.65,0.47,0.73,0.58,0.61,0.73,0.5,0.52,0.76,0.86,0.53,0.82,0.74,0.67,0.77,0.7,0.86,0.86,0.61,0.79,0.76,0.83,0.59,0.5
190,0.68,0.68,0.65,0.62,0.71,0.74,0.47,0.82,0.53,0.65,0.65,0.47,0.56,0.56,0.74,0.65,0.56,0.71,0.62,0.65,0.79,0.47,0.5,0.74,0.68,0.56,0.65,0.62,0.68,0.68,0.62,0.5,0.65,0.56,0.79,0.53,0.62,0.5,0.74,0.65,0.32,0.62,0.62,0.59,0.53,0.79,0.65,0.5,0.56,0.62,0.79,0.5,0.47,0.53,0.68,0.59,0.05,0.38,0.44,0.44,0.68,0.53,0.68,0.68,0.47,0.59,0.59,0.71,0.44,0.65,0.71,0.62,0.62,0.47,0.76,0.76,0.5,0.62,0.65,0.79,0.44,0.47
191,0.64,0.68,0.53,0.62,0.53,0.5,0.47,0.61,0.53,0.59,0.59,0.41,0.68,0.79,0.56,0.59,0.44,0.53,0.7,0.71,0.58,0.47,0.38,0.52,0.62,0.62,0.67,0.68,0.62,0.56,0.7,0.38,0.65,0.7,0.64,0.59,0.56,0.38,0.56,0.47,0.38,0.62,0.62,0.65,0.41,0.64,0.59,0.5,0.74,0.44,0.64,0.44,0.41,0.65,0.56,0.59,0.05,0.44,0.44,0.5,0.62,0.76,0.56,0.56,0.53,0.71,0.59,0.67,0.5,0.59,0.67,0.62,0.82,0.71,0.61,0.61,0.68,0.62,0.65,0.52,0.44,0.53
192,0.74,0.7,0.59,0.76,0.61,0.7,0.41,0.77,0.71,0.67,0.55,0.53,0.64,0.58,0.7,0.67,0.44,0.61,0.74,0.67,0.74,0.53,0.5,0.86,0.64,0.64,0.71,0.52,0.7,0.7,0.68,0.56,0.61,0.62,0.74,0.59,0.62,0.5,0.7,0.65,0.26,0.64,0.58,0.73,0.76,0.74,0.79,0.44,0.52,0.56,0.74,0.44,0.47,0.55,0.64,0.73,0.05,0.32,0.62,0.5,0.7,0.55,0.58,0.7,0.47,0.49,0.73,0.83,0.5,0.79,0.77,0.64,0.74,0.67,0.83,0.83,0.58,0.76,0.73,0.8,0.56,0.47
193,0.76,0.79,0.71,0.74,0.82,0.85,0.53,0.85,0.65,0.71,0.71,0.53,0.62,0.68,0.79,0.71,0.62,0.82,0.7,0.76,0.82,0.59,0.62,0.76,0.79,0.62,0.67,0.68,0.74,0.74,0.64,0.56,0.71,0.58,0.82,0.65,0.68,0.56,0.85,0.71,0.38,0.68,0.68,0.71,0.59,0.82,0.76,0.56,0.68,0.68,0.82,0.56,0.53,0.65,0.79,0.71,0.05,0.44,0.56,0.5,0.79,0.65,0.74,0.74,0.59,0.65,0.71,0.79,0.5,0.76,0.73,0.68,0.7,0.59,0.85,0.85,0.56,0.74,0.71,0.82,0.5,0.59
194,0.74,0.56,0.41,0.56,0.47,0.5,0.35,0.59,0.41,0.47,0.53,0.35,0.5,0.56,0.5,0.47,0.38,0.47,0.68,0.59,0.56,0.41,0.38,0.5,0.56,0.56,0.59,0.44,0.5,0.44,0.56,0.38,0.47,0.56,0.56,0.53,0.44,0.38,0.56,0.41,0.2,0.5,0.56,0.53,0.41,0.62,0.59,0.38,0.44,0.38,0.62,0.38,0.29,0.47,0.5,0.53,0.05,0.26,0.44,0.32,0.56,0.47,0.38,0.5,0.41,0.41,0.53,0.71,0.38,0.59,0.59,0.44,0.74,0.53,0.65,0.65,0.5,0.56,0.59,0.56,0.38,0.41
195,0.71,0.71,0.62,0.71,0.62,0.59,0.5,0.74,0.56,0.56,0.56,0.38,0.59,0.59,0.65,0.62,0.47,0.62,0.71,0.68,0.71,0.5,0.47,0.59,0.65,0.53,0.68,0.53,0.65,0.59,0.59,0.41,0.56,0.59,0.76,0.5,0.59,0.41,0.59,0.56,0.18,0.65,0.53,0.68,0.44,0.71,0.74,0.47,0.65,0.41,0.71,0.47,0.38,0.5,0.59,0.68,0.05,0.24,0.41,0.47,0.71,0.62,0.53,0.65,0.44,0.62,0.62,0.74,0.53,0.68,0.74,0.59,0.76,0.56,0.79,0.79,0.53,0.59,0.62,0.65,0.41,0.5
196,0.76,0.79,0.59,0.74,0.65,0.62,0.53,0.79,0.71,0.71,0.65,0.53,0.79,0.74,0.74,0.76,0.5,0.65,0.88,0.76,0.76,0.53,0.44,0.64,0.74,0.74,0.85,0.62,0.74,0.68,0.76,0.56,0.65,0.76,0.82,0.59,0.68,0.56,0.68,0.65,0.21,0.74,0.68,0.82,0.59,0.82,0.82,0.5,0.68,0.5,0.82,0.56,0.35,0.53,0.74,0.82,0.05,0.26,0.62,0.5,0.74,0.71,0.5,0.68,0.59,0.65,0.76,0.91,0.56,0.82,0.79,0.74,0.82,0.76,0.85,0.85,0.74,0.79,0.82,0.7,0.62,0.53
197,0.7,0.85,0.71,0.79,0.71,0.68,0.59,0.79,0.71,0.71,0.65,0.47,0.74,0.74,0.74,0.71,0.56,0.71,0.76,0.76,0.76,0.53,0.5,0.64,0.74,0.68,0.79,0.68,0.74,0.68,0.7,0.5,0.71,0.7,0.82,0.53,0.74,0.5,0.74,0.65,0.26,0.79,0.68,0.76,0.59,0.76,0.76,0.56,0.74,0.5,0.76,0.56,0.47,0.59,0.68,0.71,0.05,0.32,0.56,0.62,0.79,0.76,0.62,0.74,0.59,0.71,0.65,0.79,0.68,0.76,0.85,0.68,0.82,0.65,0.79,0.79,0.68,0.74,0.76,0.7,0.56,0.59
198,0.65,0.59,0.44,0.53,0.44,0.47,0.44,0.56,0.44,0.44,0.5,0.32,0.53,0.59,0.47,0.5,0.41,0.44,0.71,0.56,0.53,0.32,0.29,0.41,0.53,0.53,0.68,0.47,0.47,0.41,0.65,0.35,0.44,0.65,0.59,0.38,0.47,0.35,0.53,0.38,0.17,0.53,0.53,0.56,0.38,0.59,0.5,0.41,0.53,0.3,0.59,0.41,0.26,0.44,0.47,0.5,0.05,0.23,0.41,0.41,0.53,0.56,0.35,0.53,0.44,0.5,0.44,0.62,0.47,0.5,0.62,0.47,0.71,0.5,0.56,0.56,0.53,0.53,0.56,0.47,0.41,0.44
199,0.86,0.76,0.71,0.82,0.67,0.7,0.59,0.77,0.65,0.67,0.73,0.53,0.64,0.76,0.7,0.67,0.62,0.67,0.86,0.73,0.74,0.59,0.62,0.74,0.76,0.7,0.71,0.7,0.64,0.64,0.74,0.56,0.67,0.68,0.74,0.76,0.68,0.56,0.76,0.65,0.5,0.64,0.76,0.67,0.65,0.8,0.73,0.62,0.7,0.68,0.8,0.56,0.59,0.79,0.7,0.73,0.05,0.56,0.62,0.56,0.82,0.73,0.7,0.64,0.59,0.67,0.73,0.89,0.56,0.79,0.71,0.64,0.92,0.73,0.83,0.83,0.64,0.76,0.73,0.8,0.56,0.65
200,0.73,0.82,0.68,0.76,0.74,0.71,0.5,0.88,0.74,0.79,0.68,0.56,0.76,0.71,0.82,0.74,0.53,0.74,0.79,0.79,0.85,0.56,0.47,0.73,0.76,0.76,0.82,0.65,0.82,0.76,0.73,0.59,0.74,0.73,0.85,0.56,0.71,0.59,0.76,0.74,0.24,0.76,0.71,0.79,0.68,0.85,0.85,0.53,0.65,0.53,0.85,0.53,0.44,0.56,0.76,0.74,0.05,0.29,0.65,0.53,0.76,0.68,0.59,0.76,0.56,0.62,0.74,0.88,0.59,0.85,0.82,0.71,0.79,0.68,0.88,0.88,0.71,0.82,0.85,0.79,0.59,0.56
201,0.77,0.67,0.62,0.73,0.58,0.61,0.5,0.68,0.56,0.64,0.58,0.5,0.67,0.67,0.61,0.58,0.53,0.58,0.71,0.76,0.65,0.56,0.59,0.77,0.67,0.61,0.68,0.67,0.67,0.61,0.59,0.47,0.64,0.59,0.65,0.68,0.59,0.47,0.67,0.56,0.47,0.61,0.61,0.64,0.62,0.71,0.7,0.59,0.67,0.65,0.71,0.47,0.56,0.7,0.61,0.64,0.05,0.53,0.53,0.53,0.73,0.7,0.67,0.61,0.56,0.64,0.7,0.8,0.53,0.7,0.68,0.61,0.89,0.64,0.74,0.74,0.61,0.67,0.7,0.71,0.47,0.62
202,0.65,0.65,0.5,0.59,0.56,0.53,0.44,0.68,0.5,0.5,0.5,0.38,0.53,0.53,0.59,0.56,0.41,0.56,0.65,0.62,0.65,0.5,0.41,0.53,0.59,0.47,0.62,0.41,0.59,0.53,0.53,0.41,0.5,0.53,0.71,0.44,0.53,0.41,0.53,0.5,0.11,0.59,0.47,0.62,0.38,0.65,0.68,0.41,0.53,0.35,0.65,0.47,0.32,0.38,0.53,0.62,0.05,0.17,0.41,0.41,0.59,0.5,0.41,0.59,0.44,0.5,0.56,0.68,0.47,0.62,0.68,0.53,0.65,0.5,0.74,0.74,0.47,0.53,0.56,0.59,0.41,0.44
203,0.56,0.5,0.41,0.5,0.41,0.44,0.35,0.53,0.35,0.47,0.41,0.35,0.5,0.5,0.44,0.41,0.38,0.41,0.5,0.59,0.5,0.35,0.38,0.56,0.5,0.44,0.53,0.5,0.5,0.44,0.44,0.32,0.47,0.44,0.5,0.41,0.38,0.32,0.5,0.35,0.32,0.44,0.44,0.47,0.41,0.56,0.47,0.44,0.5,0.44,0.56,0.32,0.41,0.53,0.44,0.41,0.05,0.38,0.38,0.38,0.5,0.53,0.5,0.44,0.41,0.47,0.47,0.59,0.38,0.47,0.53,0.44,0.68,0.41,0.53,0.53,0.44,0.5,0.53,0.56,0.32,0.47
204,0.7,0.79,0.65,0.74,0.71,0.74,0.47,0.85,0.71,0.76,0.65,0.53,0.68,0.68,0.79,0.71,0.5,0.71,0.76,0.71,0.82,0.53,0.5,0.82,0.74,0.68,0.73,0.62,0.74,0.74,0.7,0.56,0.71,0.64,0.82,0.59,0.68,0.56,0.79,0.71,0.32,0.68,0.68,0.71,0.71,0.82,0.76,0.5,0.62,0.62,0.82,0.5,0.53,0.65,0.74,0.71,0.05,0.38,0.62,0.5,0.74,0.65,0.68,0.68,0.53,0.59,0.71,0.85,0.5,0.82,0.73,0.68,0.7,0.65,0.85,0.85,0.62,0.79,0.76,0.88,0.56,0.53
205,0.67,0.71,0.68,0.76,0.68,0.76,0.5,0.76,0.56,0.62,0.62,0.44,0.53,0.59,0.71,0.62,0.53,0.68,0.61,0.68,0.73,0.5,0.53,0.79,0.71,0.53,0.58,0.59,0.65,0.65,0.55,0.47,0.62,0.49,0.73,0.56,0.59,0.47,0.71,0.62,0.35,0.59,0.59,0.62,0.56,0.73,0.68,0.53,0.65,0.59,0.73,0.47,0.56,0.68,0.65,0.62,0.05,0.41,0.47,0.53,0.71,0.62,0.71,0.71,0.44,0.62,0.62,0.7,0.47,0.68,0.7,0.59,0.67,0.5,0.76,0.76,0.47,0.65,0.62,0.79,0.41,0.56
206,0.73,0.71,0.62,0.76,0.62,0.71,0.44,0.7,0.56,0.62,0.56,0.38,0.53,0.59,0.65,0.56,0.47,0.62,0.73,0.62,0.67,0.5,0.53,0.67,0.65,0.53,0.64,0.59,0.59,0.59,0.61,0.41,0.62,0.55,0.67,0.56,0.59,0.41,0.76,0.56,0.35,0.59,0.59,0.56,0.62,0.67,0.68,0.47,0.59,0.53,0.67,0.41,0.5,0.62,0.59,0.62,0.05,0.41,0.47,0.47,0.76,0.62,0.65,0.65,0.44,0.56,0.62,0.76,0.47,0.74,0.64,0.53,0.73,0.56,0.76,0.76,0.47,0.65,0.62,0.73,0.41,0.5
207,0.65,0.65,0.68,0.65,0.68,0.65,0.56,0.79,0.5,0.62,0.68,0.5,0.59,0.59,0.71,0.68,0.65,0.68,0.65,0.68,0.76,0.44,0.47,0.65,0.71,0.59,0.68,0.71,0.65,0.65,0.65,0.53,0.62,0.59,0.76,0.5,0.59,0.53,0.65,0.62,0.35,0.59,0.65,0.62,0.44,0.82,0.62,0.59,0.65,0.59,0.82,0.53,0.44,0.56,0.71,0.62,0.05,0.41,0.47,0.47,0.71,0.62,0.65,0.65,0.5,0.68,0.62,0.74,0.47,0.62,0.68,0.65,0.71,0.5,0.74,0.74,0.53,0.65,0.68,0.71,0.47,0.56
208,0.73,0.76,0.62,0.71,0.68,0.71,0.5,0.76,0.62,0.68,0.68,0.5,0.65,0.71,0.71,0.68,0.53,0.68,0.73,0.74,0.73,0.5,0.47,0.79,0.76,0.65,0.7,0.65,0.65,0.65,0.67,0.53,0.68,0.61,0.73,0.62,0.65,0.53,0.76,0.62,0.35,0.65,0.71,0.68,0.62,0.79,0.68,0.53,0.65,0.65,0.79,0.53,0.5,0.68,0.71,0.68,0.05,0.41,0.59,0.47,0.71,0.68,0.65,0.65,0.56,0.62,0.68,0.82,0.47,0.74,0.7,0.65,0.73,0.62,0.76,0.76,0.59,0.76,0.74,0.79,0.53,0.56
209,0.47,0.53,0.56,0.59,0.62,0.59,0.44,0.68,0.38,0.5,0.5,0.38,0.41,0.41,0.59,0.5,0.53,0.62,0.47,0.5,0.65,0.38,0.41,0.53,0.53,0.41,0.5,0.59,0.53,0.53,0.47,0.41,0.5,0.41,0.65,0.32,0.47,0.41,0.53,0.5,0.29,0.47,0.47,0.44,0.32,0.65,0.5,0.47,0.47,0.41,0.65,0.41,0.38,0.38,0.59,0.44,0.05,0.35,0.35,0.47,0.59,0.44,0.59,0.59,0.38,0.5,0.44,0.56,0.41,0.5,0.62,0.47,0.53,0.32,0.62,0.62,0.35,0.47,0.5,0.59,0.35,0.44
210,0.82,0.74,0.65,0.79,0.65,0.68,0.53,0.73,0.59,0.65,0.65,0.47,0.68,0.68,0.68,0.65,0.56,0.65,0.82,0.76,0.7,0.53,0.5,0.58,0.74,0.68,0.79,0.68,0.68,0.62,0.7,0.5,0.65,0.7,0.7,0.59,0.62,0.5,0.74,0.59,0.26,0.68,0.68,0.71,0.59,0.76,0.76,0.56,0.68,0.5,0.76,0.5,0.41,0.59,0.68,0.71,0.05,0.32,0.56,0.5,0.79,0.71,0.56,0.74,0.53,0.65,0.71,0.85,0.56,0.76,0.73,0.62,0.88,0.65,0.79,0.79,0.62,0.74,0.76,0.64,0.5,0.59
211,0.8,0.76,0.71,0.82,0.67,0.7,0.53,0.77,0.65,0.73,0.61,0.53,0.7,0.7,0.7,0.61,0.56,0.67,0.74,0.79,0.74,0.65,0.68,0.8,0.7,0.64,0.71,0.7,0.76,0.7,0.62,0.5,0.73,0.62,0.74,0.71,0.68,0.5,0.76,0.65,0.44,0.7,0.64,0.67,0.71,0.74,0.79,0.62,0.7,0.68,0.74,0.5,0.65,0.73,0.64,0.67,0.05,0.5,0.56,0.62,0.82,0.73,0.76,0.7,0.59,0.67,0.73,0.83,0.62,0.79,0.77,0.64,0.92,0.67,0.83,0.83,0.64,0.7,0.73,0.8,0.5,0.65
212,0.68,0.74,0.59,0.68,0.65,0.62,0.41,0.82,0.65,0.71,0.59,0.47,0.68,0.62,0.74,0.65,0.44,0.65,0.74,0.71,0.79,0.47,0.38,0.68,0.68,0.68,0.76,0.56,0.74,0.68,0.68,0.5,0.65,0.68,0.79,0.47,0.62,0.5,0.68,0.65,0.15,0.68,0.62,0.71,0.59,0.79,0.77,0.44,0.56,0.44,0.79,0.44,0.35,0.47,0.68,0.65,0.05,0.21,0.56,0.44,0.68,0.59,0.5,0.68,0.47,0.53,0.65,0.82,0.5,0.77,0.76,0.62,0.74,0.59,0.82,0.82,0.62,0.74,0.77,0.74,0.5,0.47
213,0.56,0.62,0.59,0.56,0.59,0.56,0.47,0.82,0.53,0.65,0.59,0.53,0.56,0.5,0.74,0.65,0.5,0.59,0.62,0.59,0.8,0.47,0.38,0.68,0.62,0.56,0.65,0.5,0.68,0.68,0.62,0.56,0.59,0.56,0.8,0.41,0.56,0.56,0.56,0.65,0.2,0.56,0.56,0.59,0.47,0.8,0.65,0.5,0.5,0.44,0.8,0.5,0.41,0.41,0.62,0.59,0.05,0.26,0.5,0.44,0.56,0.47,0.5,0.62,0.41,0.53,0.59,0.71,0.44,0.65,0.65,0.62,0.56,0.47,0.77,0.77,0.5,0.62,0.65,0.74,0.5,0.47
214,0.62,0.62,0.53,0.62,0.59,0.68,0.41,0.71,0.47,0.53,0.53,0.41,0.44,0.5,0.62,0.53,0.44,0.59,0.56,0.59,0.68,0.47,0.44,0.62,0.62,0.44,0.53,0.44,0.56,0.56,0.5,0.44,0.53,0.44,0.68,0.47,0.5,0.44,0.62,0.53,0.2,0.5,0.5,0.53,0.41,0.68,0.59,0.44,0.5,0.44,0.68,0.44,0.41,0.47,0.56,0.53,0.05,0.26,0.44,0.44,0.56,0.47,0.5,0.62,0.41,0.47,0.53,0.65,0.38,0.59,0.65,0.5,0.56,0.41,0.71,0.71,0.38,0.56,0.53,0.68,0.38,0.47
215,0.73,0.82,0.62,0.76,0.74,0.71,0.56,0.76,0.68,0.68,0.68,0.5,0.71,0.76,0.71,0.74,0.59,0.74,0.85,0.74,0.73,0.56,0.53,0.61,0.76,0.65,0.76,0.71,0.65,0.65,0.73,0.53,0.68,0.67,0.79,0.62,0.71,0.53,0.76,0.62,0.29,0.71,0.71,0.74,0.5,0.79,0.74,0.53,0.71,0.59,0.79,0.59,0.38,0.56,0.76,0.79,0.05,0.35,0.59,0.53,0.82,0.74,0.59,0.65,0.68,0.68,0.74,0.88,0.53,0.79,0.76,0.71,0.79,0.74,0.82,0.82,0.65,0.76,0.74,0.67,0.59,0.56
216,0.86,0.82,0.71,0.88,0.73,0.88,0.53,0.83,0.71,0.73,0.67,0.53,0.64,0.7,0.76,0.67,0.56,0.73,0.86,0.73,0.8,0.65,0.62,0.74,0.76,0.64,0.77,0.64,0.7,0.7,0.74,0.56,0.73,0.68,0.8,0.71,0.74,0.56,0.88,0.71,0.32,0.7,0.7,0.67,0.71,0.8,0.79,0.56,0.64,0.62,0.8,0.56,0.53,0.61,0.7,0.73,0.05,0.38,0.62,0.62,0.82,0.67,0.64,0.82,0.59,0.61,0.73,0.89,0.56,0.85,0.83,0.64,0.8,0.67,0.89,0.89,0.58,0.76,0.73,0.8,0.56,0.59
217,0.86,0.82,0.71,0.82,0.73,0.76,0.53,0.89,0.76,0.79,0.67,0.59,0.76,0.7,0.82,0.73,0.56,0.73,0.86,0.79,0.86,0.65,0.62,0.8,0.76,0.76,0.83,0.64,0.82,0.76,0.74,0.62,0.73,0.74,0.86,0.71,0.74,0.62,0.82,0.76,0.32,0.76,0.7,0.79,0.76,0.86,0.91,0.56,0.64,0.62,0.86,0.56,0.53,0.61,0.76,0.79,0.05,0.38,0.68,0.56,0.82,0.67,0.64,0.76,0.59,0.61,0.79,0.95,0.62,0.91,0.83,0.7,0.86,0.73,0.95,0.95,0.7,0.82,0.85,0.86,0.62,0.59
218,0.65,0.65,0.56,0.59,0.62,0.65,0.44,0.74,0.5,0.56,0.56,0.44,0.47,0.53,0.65,0.56,0.47,0.62,0.59,0.62,0.71,0.5,0.47,0.65,0.65,0.47,0.56,0.47,0.59,0.59,0.53,0.47,0.56,0.47,0.71,0.5,0.53,0.47,0.65,0.56,0.23,0.53,0.53,0.56,0.44,0.71,0.62,0.47,0.53,0.47,0.71,0.47,0.44,0.5,0.59,0.56,0.05,0.29,0.47,0.41,0.59,0.5,0.53,0.59,0.44,0.5,0.56,0.68,0.41,0.62,0.62,0.53,0.59,0.44,0.74,0.74,0.41,0.59,0.56,0.71,0.41,0.5
219,0.86,0.82,0.71,0.82,0.73,0.76,0.59,0.83,0.71,0.73,0.73,0.59,0.7,0.76,0.76,0.73,0.62,0.73,0.86,0.79,0.8,0.65,0.62,0.8,0.82,0.7,0.77,0.7,0.7,0.7,0.74,0.62,0.73,0.68,0.8,0.76,0.74,0.62,0.82,0.71,0.44,0.7,0.76,0.73,0.71,0.86,0.79,0.62,0.7,0.74,0.86,0.62,0.59,0.73,0.76,0.79,0.05,0.5,0.68,0.56,0.82,0.73,0.7,0.7,0.65,0.67,0.79,0.95,0.56,0.85,0.77,0.7,0.86,0.73,0.89,0.89,0.64,0.82,0.79,0.86,0.62,0.65
220,0.82,0.74,0.59,0.79,0.65,0.79,0.41,0.73,0.59,0.65,0.59,0.41,0.62,0.62,0.68,0.59,0.44,0.65,0.76,0.71,0.7,0.53,0.5,0.64,0.68,0.62,0.73,0.56,0.68,0.62,0.64,0.44,0.65,0.64,0.7,0.59,0.62,0.44,0.79,0.59,0.21,0.68,0.62,0.65,0.65,0.7,0.76,0.44,0.56,0.5,0.7,0.44,0.41,0.53,0.62,0.65,0.05,0.26,0.5,0.5,0.74,0.59,0.56,0.79,0.47,0.53,0.65,0.79,0.5,0.76,0.79,0.56,0.76,0.59,0.79,0.79,0.56,0.68,0.71,0.7,0.44,0.47
221,0.53,0.53,0.38,0.47,0.38,0.35,0.34,0.5,0.44,0.44,0.38,0.34,0.53,0.53,0.41,0.44,0.31,0.38,0.59,0.56,0.47,0.4,0.31,0.41,0.47,0.41,0.56,0.41,0.47,0.41,0.47,0.31,0.44,0.47,0.53,0.44,0.47,0.31,0.41,0.38,0.07,0.47,0.41,0.5,0.32,0.53,0.5,0.37,0.47,0.35,0.53,0.37,0.22,0.32,0.41,0.5,0.05,0.13,0.37,0.37,0.47,0.5,0.3,0.41,0.46,0.44,0.5,0.62,0.37,0.5,0.56,0.47,0.65,0.5,0.56,0.56,0.47,0.47,0.5,0.41,0.37,0.4
222,0.68,0.56,0.47,0.56,0.53,0.68,0.3,0.71,0.53,0.53,0.47,0.41,0.5,0.44,0.62,0.59,0.32,0.53,0.62,0.59,0.68,0.35,0.32,0.74,0.56,0.5,0.65,0.38,0.62,0.62,0.62,0.44,0.47,0.56,0.68,0.41,0.44,0.38,0.62,0.53,0.15,0.5,0.44,0.65,0.65,0.68,0.65,0.32,0.44,0.44,0.68,0.32,0.35,0.47,0.56,0.59,0.05,0.21,0.44,0.32,0.5,0.41,0.5,0.68,0.3,0.41,0.59,0.65,0.32,0.59,0.65,0.56,0.56,0.47,0.71,0.71,0.44,0.62,0.59,0.74,0.38,0.35
223,0.86,0.88,0.76,0.88,0.79,0.82,0.59,0.89,0.76,0.79,0.73,0.59,0.7,0.76,0.82,0.73,0.62,0.79,0.92,0.79,0.86,0.71,0.62,0.74,0.82,0.7,0.83,0.7,0.76,0.76,0.8,0.62,0.79,0.74,0.86,0.71,0.79,0.62,0.88,0.76,0.32,0.76,0.76,0.73,0.71,0.86,0.85,0.62,0.7,0.62,0.86,0.62,0.53,0.61,0.76,0.79,0.05,0.38,0.68,0.62,0.88,0.73,0.64,0.82,0.65,0.67,0.79,0.95,0.62,0.91,0.83,0.7,0.86,0.73,0.95,0.95,0.64,0.82,0.79,0.8,0.62,0.65
224,0.79,0.71,0.68,0.71,0.68,0.76,0.56,0.76,0.56,0.62,0.68,0.5,0.59,0.65,0.71,0.68,0.59,0.68,0.73,0.74,0.73,0.5,0.53,0.73,0.76,0.59,0.7,0.65,0.65,0.65,0.67,0.53,0.62,0.61,0.73,0.62,0.59,0.53,0.76,0.62,0.41,0.59,0.65,0.68,0.62,0.79,0.68,0.59,0.71,0.65,0.79,0.53,0.56,0.74,0.71,0.68,0.05,0.47,0.53,0.47,0.71,0.68,0.71,0.71,0.5,0.68,0.68,0.76,0.47,0.68,0.64,0.65,0.73,0.56,0.76,0.76,0.53,0.71,0.68,0.79,0.47,0.62
225,0.68,0.74,0.59,0.68,0.59,0.62,0.47,0.71,0.59,0.59,0.53,0.35,0.62,0.62,0.62,0.59,0.44,0.59,0.74,0.65,0.68,0.41,0.38,0.56,0.62,0.56,0.76,0.56,0.62,0.56,0.68,0.38,0.59,0.68,0.74,0.41,0.62,0.38,0.68,0.53,0.15,0.68,0.56,0.65,0.53,0.68,0.65,0.44,0.62,0.38,0.68,0.44,0.35,0.47,0.56,0.59,0.05,0.21,0.44,0.5,0.68,0.65,0.5,0.68,0.47,0.59,0.53,0.71,0.56,0.65,0.76,0.56,0.74,0.53,0.71,0.71,0.56,0.62,0.65,0.62,0.44,0.47
226,0.73,0.82,0.8,0.76,0.79,0.76,0.62,0.94,0.68,0.79,0.79,0.62,0.71,0.71,0.88,0.79,0.65,0.79,0.73,0.79,0.91,0.62,0.53,0.79,0.82,0.71,0.76,0.71,0.82,0.82,0.73,0.65,0.79,0.67,0.91,0.62,0.77,0.65,0.76,0.8,0.35,0.76,0.76,0.74,0.62,0.91,0.79,0.65,0.71,0.65,0.91,0.65,0.56,0.62,0.76,0.74,0.05,0.41,0.59,0.59,0.76,0.68,0.71,0.82,0.56,0.74,0.74,0.82,0.59,0.79,0.82,0.76,0.73,0.62,0.88,0.88,0.65,0.76,0.79,0.85,0.59,0.62
227,0.89,0.79,0.68,0.79,0.7,0.73,0.56,0.86,0.74,0.76,0.7,0.62,0.79,0.73,0.79,0.76,0.59,0.7,0.95,0.82,0.83,0.62,0.53,0.71,0.79,0.79,0.92,0.67,0.79,0.73,0.83,0.65,0.7,0.83,0.83,0.68,0.71,0.65,0.79,0.74,0.29,0.73,0.73,0.82,0.74,0.89,0.88,0.59,0.67,0.59,0.89,0.59,0.44,0.58,0.79,0.82,0.05,0.35,0.71,0.53,0.79,0.7,0.55,0.79,0.62,0.64,0.82,0.98,0.59,0.88,0.8,0.73,0.89,0.76,0.92,0.92,0.73,0.85,0.88,0.77,0.65,0.62
228,0.73,0.82,0.68,0.88,0.74,0.76,0.5,0.82,0.68,0.74,0.68,0.5,0.65,0.71,0.76,0.68,0.53,0.74,0.79,0.74,0.79,0.62,0.53,0.67,0.76,0.65,0.7,0.65,0.71,0.71,0.67,0.53,0.74,0.61,0.79,0.62,0.71,0.53,0.76,0.68,0.24,0.71,0.71,0.68,0.56,0.79,0.79,0.53,0.65,0.53,0.79,0.53,0.44,0.56,0.71,0.74,0.05,0.29,0.59,0.59,0.82,0.68,0.59,0.76,0.56,0.62,0.74,0.88,0.53,0.85,0.82,0.65,0.79,0.68,0.88,0.88,0.59,0.76,0.74,0.73,0.53,0.56
229,0.62,0.74,0.59,0.74,0.59,0.62,0.47,0.71,0.59,0.59,0.53,0.35,0.62,0.62,0.62,0.59,0.44,0.59,0.68,0.65,0.68,0.41,0.38,0.56,0.62,0.56,0.71,0.56,0.62,0.56,0.62,0.38,0.59,0.62,0.74,0.41,0.62,0.38,0.62,0.53,0.15,0.68,0.56,0.65,0.47,0.68,0.65,0.44,0.62,0.38,0.68,0.44,0.35,0.47,0.56,0.59,0.05,0.21,0.44,0.56,0.68,0.65,0.5,0.68,0.47,0.59,0.53,0.71,0.56,0.65,0.82,0.56,0.74,0.53,0.71,0.71,0.56,0.62,0.65,0.62,0.44,0.47
230,0.68,0.74,0.71,0.68,0.71,0.68,0.53,0.88,0.59,0.71,0.71,0.53,0.62,0.62,0.8,0.71,0.56,0.71,0.68,0.71,0.85,0.53,0.44,0.74,0.74,0.62,0.71,0.62,0.74,0.74,0.68,0.56,0.71,0.62,0.85,0.53,0.68,0.56,0.68,0.71,0.27,0.68,0.68,0.65,0.53,0.85,0.71,0.56,0.62,0.56,0.85,0.56,0.47,0.53,0.68,0.65,0.05,0.32,0.5,0.5,0.68,0.59,0.62,0.74,0.47,0.65,0.65,0.76,0.5,0.71,0.76,0.68,0.68,0.53,0.82,0.82,0.56,0.68,0.71,0.79,0.5,0.53
231,0.67,0.82,0.74,0.76,0.79,0.76,0.62,0.82,0.68,0.68,0.68,0.5,0.65,0.71,0.76,0.74,0.65,0.79,0.73,0.74,0.79,0.56,0.59,0.67,0.76,0.59,0.7,0.71,0.71,0.71,0.67,0.53,0.68,0.61,0.85,0.56,0.71,0.53,0.76,0.68,0.35,0.71,0.65,0.74,0.5,0.79,0.74,0.59,0.76,0.59,0.79,0.59,0.5,0.62,0.76,0.74,0.05,0.41,0.53,0.59,0.82,0.74,0.71,0.71,0.62,0.74,0.68,0.76,0.59,0.74,0.76,0.71,0.73,0.62,0.82,0.82,0.59,0.71,0.68,0.73,0.53,0.62
232,0.65,0.77,0.62,0.65,0.74,0.71,0.5,0.79,0.62,0.62,0.62,0.44,0.59,0.65,0.71,0.68,0.53,0.74,0.71,0.68,0.76,0.5,0.47,0.65,0.71,0.53,0.68,0.59,0.65,0.65,0.65,0.47,0.62,0.59,0.82,0.5,0.65,0.47,0.71,0.62,0.24,0.65,0.59,0.68,0.44,0.76,0.68,0.47,0.65,0.53,0.76,0.53,0.38,0.5,0.71,0.68,0.05,0.3,0.47,0.47,0.71,0.62,0.59,0.65,0.56,0.62,0.62,0.74,0.47,0.68,0.74,0.65,0.65,0.56,0.79,0.79,0.53,0.65,0.62,0.71,0.47,0.5
233,0.8,0.88,0.71,0.82,0.73,0.7,0.59,0.89,0.82,0.79,0.67,0.59,0.82,0.76,0.82,0.79,0.56,0.73,0.92,0.79,0.86,0.65,0.56,0.74,0.76,0.76,0.89,0.64,0.82,0.76,0.8,0.62,0.73,0.8,0.92,0.65,0.79,0.62,0.76,0.76,0.26,0.82,0.7,0.85,0.71,0.86,0.91,0.56,0.7,0.56,0.86,0.62,0.47,0.55,0.76,0.85,0.05,0.32,0.68,0.62,0.82,0.73,0.58,0.76,0.65,0.67,0.79,0.95,0.68,0.91,0.89,0.76,0.86,0.79,0.95,0.95,0.76,0.82,0.85,0.8,0.68,0.59
234,0.71,0.71,0.56,0.65,0.56,0.59,0.5,0.68,0.56,0.56,0.56,0.38,0.65,0.65,0.59,0.62,0.47,0.56,0.76,0.68,0.65,0.38,0.35,0.53,0.65,0.59,0.79,0.59,0.59,0.53,0.71,0.41,0.56,0.71,0.71,0.44,0.59,0.41,0.65,0.5,0.18,0.65,0.59,0.68,0.5,0.71,0.62,0.47,0.65,0.41,0.71,0.47,0.32,0.5,0.59,0.62,0.05,0.24,0.47,0.47,0.65,0.68,0.47,0.65,0.5,0.62,0.56,0.74,0.53,0.62,0.74,0.59,0.76,0.56,0.68,0.68,0.59,0.65,0.68,0.59,0.47,0.5
235,0.79,0.82,0.68,0.82,0.74,0.76,0.5,0.82,0.68,0.74,0.68,0.5,0.65,0.71,0.76,0.68,0.53,0.74,0.85,0.74,0.79,0.62,0.53,0.67,0.76,0.65,0.76,0.65,0.71,0.71,0.73,0.53,0.74,0.67,0.79,0.62,0.71,0.53,0.82,0.68,0.24,0.71,0.71,0.68,0.62,0.79,0.79,0.53,0.65,0.53,0.79,0.53,0.44,0.56,0.71,0.74,0.05,0.29,0.59,0.53,0.82,0.68,0.59,0.76,0.56,0.62,0.74,0.88,0.53,0.85,0.76,0.65,0.79,0.68,0.88,0.88,0.59,0.76,0.74,0.73,0.53,0.56
236,0.86,0.7,0.65,0.76,0.67,0.82,0.47,0.83,0.65,0.67,0.61,0.53,0.64,0.58,0.76,0.67,0.5,0.67,0.8,0.73,0.8,0.59,0.56,0.8,0.7,0.64,0.77,0.52,0.76,0.7,0.68,0.56,0.61,0.68,0.8,0.65,0.62,0.56,0.76,0.71,0.32,0.64,0.58,0.73,0.76,0.8,0.85,0.5,0.58,0.62,0.8,0.5,0.53,0.61,0.7,0.73,0.05,0.38,0.56,0.5,0.7,0.55,0.64,0.82,0.47,0.55,0.73,0.83,0.5,0.79,0.77,0.64,0.74,0.61,0.89,0.89,0.58,0.7,0.73,0.86,0.5,0.53
237,0.83,0.85,0.79,0.85,0.76,0.79,0.68,0.86,0.74,0.76,0.76,0.62,0.73,0.79,0.79,0.76,0.71,0.76,0.83,0.82,0.83,0.62,0.65,0.77,0.85,0.73,0.8,0.79,0.73,0.73,0.77,0.65,0.76,0.71,0.83,0.74,0.76,0.65,0.85,0.74,0.47,0.73,0.79,0.76,0.68,0.89,0.76,0.71,0.79,0.71,0.89,0.65,0.62,0.76,0.79,0.76,0.05,0.53,0.71,0.65,0.85,0.82,0.73,0.73,0.68,0.76,0.76,0.92,0.65,0.82,0.8,0.73,0.89,0.7,0.86,0.86,0.67,0.85,0.82,0.83,0.65,0.74
238,0.73,0.82,0.62,0.76,0.68,0.65,0.5,0.82,0.74,0.74,0.62,0.5,0.76,0.71,0.76,0.74,0.47,0.68,0.85,0.74,0.79,0.56,0.47,0.67,0.71,0.71,0.82,0.59,0.76,0.71,0.73,0.53,0.68,0.73,0.85,0.56,0.71,0.53,0.71,0.68,0.18,0.76,0.65,0.79,0.62,0.79,0.85,0.47,0.65,0.47,0.79,0.53,0.38,0.5,0.71,0.79,0.05,0.24,0.59,0.53,0.76,0.68,0.53,0.71,0.56,0.62,0.74,0.88,0.59,0.85,0.82,0.71,0.79,0.74,0.88,0.88,0.71,0.76,0.79,0.73,0.59,0.5
239,0.79,0.71,0.56,0.71,0.62,0.71,0.38,0.76,0.68,0.68,0.56,0.5,0.65,0.59,0.71,0.68,0.41,0.62,0.79,0.68,0.73,0.5,0.47,0.73,0.65,0.65,0.76,0.53,0.71,0.71,0.73,0.53,0.62,0.67,0.73,0.56,0.59,0.47,0.76,0.62,0.18,0.65,0.59,0.74,0.74,0.73,0.79,0.41,0.53,0.47,0.73,0.41,0.38,0.5,0.65,0.74,0.05,0.24,0.59,0.41,0.71,0.56,0.53,0.71,0.44,0.5,0.74,0.82,0.47,0.79,0.7,0.65,0.73,0.68,0.82,0.82,0.59,0.76,0.74,0.73,0.53,0.44
240,0.44,0.56,0.41,0.5,0.47,0.56,0.35,0.65,0.53,0.53,0.41,0.41,0.5,0.44,0.56,0.59,0.38,0.47,0.62,0.41,0.62,0.29,0.26,0.56,0.44,0.44,0.65,0.44,0.5,0.56,0.68,0.44,0.47,0.56,0.68,0.24,0.5,0.38,0.56,0.47,0.08,0.5,0.44,0.53,0.47,0.62,0.47,0.32,0.38,0.32,0.62,0.38,0.23,0.24,0.5,0.53,0.05,0.14,0.44,0.44,0.5,0.41,0.38,0.56,0.41,0.41,0.47,0.59,0.38,0.53,0.65,0.56,0.44,0.47,0.59,0.59,0.44,0.56,0.53,0.56,0.5,0.29
241,0.62,0.56,0.53,0.5,0.53,0.56,0.41,0.76,0.47,0.71,0.59,0.47,0.68,0.5,0.68,0.59,0.38,0.53,0.56,0.65,0.79,0.41,0.38,0.79,0.56,0.62,0.71,0.5,0.74,0.68,0.56,0.44,0.65,0.62,0.74,0.47,0.5,0.5,0.56,0.59,0.32,0.62,0.56,0.59,0.59,0.74,0.65,0.44,0.5,0.62,0.74,0.44,0.53,0.53,0.56,0.53,0.05,0.32,0.38,0.38,0.5,0.47,0.62,0.62,0.35,0.59,0.59,0.65,0.44,0.59,0.71,0.62,0.62,0.47,0.71,0.71,0.62,0.56,0.65,0.79,0.38,0.41
